 ,ColorCam,EProfile,ESpec,GasPressure,GasWFS,HASO,HASOFF,HASONF,HighESpec,LeakSpec,PicoScope,PreCompFF,PreCompNF,PreCompSpec,Probe_Interferometry,SPIDER,SRIFA,SideSpec,XRay
20190723\probe_ref,,,,,,,,,HighESpec\20190723\probe_ref.npy,,,,,,,,,,
20190723\run001,,,,,,,,,HighESpec\20190723\run001.npy,,,,,,Probe_Interferometry\20190723\run001.npy,,,,
20190723\run002,,,,,,,,,HighESpec\20190723\run002.npy,,,,,,Probe_Interferometry\20190723\run002.npy,,,,
20190723\run003,,,,,,,,,HighESpec\20190723\run003.npy,,,,,,Probe_Interferometry\20190723\run003.npy,,,,
20190723\run004,,,,,,,,,HighESpec\20190723\run004.npy,,,,,,Probe_Interferometry\20190723\run004.npy,,,,
20190723\run005,,,,,,,,,HighESpec\20190723\run005.npy,,,,,,,,,,
20190723\run006,,,,,,,,,HighESpec\20190723\run006.npy,,,,,,,,,,
20190723\run007,,,,,,,,,,,,,,,Probe_Interferometry\20190723\run007.npy,,,,
20190723\run008,,,,,,,,,,,,,,,Probe_Interferometry\20190723\run008.npy,,,,
20190723\run009,,,,,,,,,HighESpec\20190723\run009.npy,,,,,,Probe_Interferometry\20190723\run009.npy,,,,
20190723\test1,,,,,,,,,HighESpec\20190723\test1.npy,,,,,,,,,,
20190724\run001,,,,,,,,,HighESpec\20190724\run001.npy,,,,,,Probe_Interferometry\20190724\run001.npy,,,,
20190724\run002,,,,,,,,,HighESpec\20190724\run002.npy,,,,,,Probe_Interferometry\20190724\run002.npy,,,,
20190724\run003,,,,,,,,,,,,,,,,,,,
20190724\run004,,,,,,,,,HighESpec\20190724\run004.npy,,,,,,,,,,
20190724\run005,,,,,,,,,HighESpec\20190724\run005.npy,,,,,,Probe_Interferometry\20190724\run005.npy,,,,
20190724\run006,,,,,,,,,HighESpec\20190724\run006.npy,,,,,,Probe_Interferometry\20190724\run006.npy,,,,
20190724\run007,,,,,,,,,HighESpec\20190724\run007.npy,,,,,,Probe_Interferometry\20190724\run007.npy,,,,
20190724\run008,,,,,,,,,HighESpec\20190724\run008.npy,,,,,,,,,,
20190724\run009,,,,,,,,,HighESpec\20190724\run009.npy,,,,,,,,,,
20190724\run010,,,,,,,,,HighESpec\20190724\run010.npy,,,,,,,,,,
20190724\run011,,,,,,,,,HighESpec\20190724\run011.npy,,,,,,,,,,
20190724\test1,,,,,,,,,HighESpec\20190724\test1.npy,,,,,,,,,,
20190725\EprofileLaserRef,,,,,,,,,HighESpec\20190725\EprofileLaserRef.npy,,,,,,,,,,
20190725\ref1,,,,,,,,,HighESpec\20190725\ref1.npy,,,,,,,,,,
20190725\run001,,,,,,,,,HighESpec\20190725\run001.npy,,,,,,Probe_Interferometry\20190725\run001.npy,,,,
20190725\run002,,,,,,,,,HighESpec\20190725\run002.npy,,,,,,Probe_Interferometry\20190725\run002.npy,,,,
20190725\run003,,,,,,,,,HighESpec\20190725\run003.npy,,,,,,Probe_Interferometry\20190725\run003.npy,,,,
20190725\run004,,,,,,,,,HighESpec\20190725\run004.npy,,,,,,Probe_Interferometry\20190725\run004.npy,,,,
20190725\run005,,,,,,,,,HighESpec\20190725\run005.npy,,,,,,Probe_Interferometry\20190725\run005.npy,,,,
20190725\run006,,,,,,,,,HighESpec\20190725\run006.npy,,,,,,Probe_Interferometry\20190725\run006.npy,,,,
20190725\run007,,,,,,,,,HighESpec\20190725\run007.npy,,,,,,Probe_Interferometry\20190725\run007.npy,,,,
20190725\test1,,,,,,,,,HighESpec\20190725\test1.npy,,,,,,,,,,
20190725\run008,,,,,,,,,HighESpec\20190725\run008.npy,,,,,,Probe_Interferometry\20190725\run008.npy,,,,
20190725\run009,,,,,,,,,HighESpec\20190725\run009.npy,,,,,,Probe_Interferometry\20190725\run009.npy,,,,
20190725\run010,,,,,,,,,HighESpec\20190725\run010.npy,,,,,,Probe_Interferometry\20190725\run010.npy,,,,
20190725\preCompDiagCal,,,,,,,,,,,,,,,,,,,
20190725\preCompDiagCalDarkFields,,,,,,,,,,,,,,,,,,,
20190712\testing,,,,,,,,,,,,,,,,,,,
20190718\AO_Focal_Scan,,,,,,,,,HighESpec\20190718\AO_Focal_Scan.npy,,,,,,,,,,
20190718\AO_focal_scan_2,,,,,,,,,HighESpec\20190718\AO_focal_scan_2.npy,,,,,,,,,,
20190718\CellLengthScan,,,,,,,,,HighESpec\20190718\CellLengthScan.npy,,,,,,,,,,
20190718\DazzlerScan,,,,,,,,,HighESpec\20190718\DazzlerScan.npy,,,,,,,,,,
20190718\EspecHitAndHope,,,,,,,,,HighESpec\20190718\EspecHitAndHope.npy,,,,,,,,,,
20190718\Fill_Time_Scan,,,,,,,,,HighESpec\20190718\Fill_Time_Scan.npy,,,,,,,,,,
20190718\Gas_Cell_Length,,,,,,,,,HighESpec\20190718\Gas_Cell_Length.npy,,,,,,,,,,
20190718\PresseScan2,,,,,,,,,HighESpec\20190718\PresseScan2.npy,,,,,,,,,,
20190718\PresseScan3,,,,,,,,,HighESpec\20190718\PresseScan3.npy,,,,,,,,,,
20190718\PressureScan,,,,,,,,,HighESpec\20190718\PressureScan.npy,,,,,,,,,,
20190718\PressureScan_2,,,,,,,,,HighESpec\20190718\PressureScan_2.npy,,,,,,,,,,
20190718\PressureScan_3,,,,,,,,,HighESpec\20190718\PressureScan_3.npy,,,,,,,,,,
20190718\References,,,,,,,,,,,,,,,,,,,
20190718\Test1,,,,,,,,,HighESpec\20190718\Test1.npy,,,,,,,,,,
20190719\run001,,,,,,,,,HighESpec\20190719\run001.npy,,,,,,Probe_Interferometry\20190719\run001.npy,,,,
20190719\run002,,,,,,,,,HighESpec\20190719\run002.npy,,,,,,Probe_Interferometry\20190719\run002.npy,,,,
20190719\run003,,,,,,,,,,,,,,,Probe_Interferometry\20190719\run003.npy,,,,
20190719\run004,,,,,,,,,,,,,,,Probe_Interferometry\20190719\run004.npy,,,,
20190726\run001,,,,,,,,,HighESpec\20190726\run001.npy,,,,,,,,,,
20190726\run002,,,,,,,,,HighESpec\20190726\run002.npy,,,,,,Probe_Interferometry\20190726\run002.npy,,,,
20190726\run003,,,,,,,,,HighESpec\20190726\run003.npy,,,,,,Probe_Interferometry\20190726\run003.npy,,,,
20190726\run004,,,,,,,,,HighESpec\20190726\run004.npy,,,,,,Probe_Interferometry\20190726\run004.npy,,,,
20190726\run005,,,,,,,,,HighESpec\20190726\run005.npy,,,,,,,,,,
20190726\run006,,,,,,,,,HighESpec\20190726\run006.npy,,,,,,,,,,
20190726\run007,,,,,,,,,HighESpec\20190726\run007.npy,,,,,,,,,,
20190726\run008,,,,,,,,,HighESpec\20190726\run008.npy,,,,,,,,,,
20190726\run009,,,,,,,,,HighESpec\20190726\run009.npy,,,,,,,,,,
20190726\run010,,,,,,,,,HighESpec\20190726\run010.npy,,,,,,,,,,
20190726\run011,,,,,,,,,HighESpec\20190726\run011.npy,,,,,,,,,,
20190726\run012,,,,,,,,,HighESpec\20190726\run012.npy,,,,,,,,,,
20190726\run013,,,,,,,,,HighESpec\20190726\run013.npy,,,,,,,,,,
20190726\run014,,,,,,,,,HighESpec\20190726\run014.npy,,,,,,Probe_Interferometry\20190726\run014.npy,,,,
20190726\run015,,,,,,,,,HighESpec\20190726\run015.npy,,,,,,,,,,
20190726\run016,,,,,,,,,HighESpec\20190726\run016.npy,,,,,,,,,,
20190726\run017,,,,,,,,,HighESpec\20190726\run017.npy,,,,,,,,,,
20190726\run018,,,,,,,,,HighESpec\20190726\run018.npy,,,,,,,,,,
20190726\run019,,,,,,,,,HighESpec\20190726\run019.npy,,,,,,,,,,
20190726\test1,,,,,,,,,HighESpec\20190726\test1.npy,,,,,,,,,,
20190726\test2,,,,,,,,,HighESpec\20190726\test2.npy,,,,,,,,,,
20190726\test3,,,,,,,,,,,,,,,,,,,
20190801\run001,,,,,,,,,HighESpec\20190801\run001.npy,,,,,,Probe_Interferometry\20190801\run001.npy,,,,
20190801\run002,,,,,,,,,HighESpec\20190801\run002.npy,,,,,,,,,,
20190801\run003,,,,,,,,,HighESpec\20190801\run003.npy,,,,,,,,,,
20190801\run004,,,,,,,,,HighESpec\20190801\run004.npy,,,,,,,,,,
20190801\test001,,,,,,,,,HighESpec\20190801\test001.npy,,,,,,,,,,
20190801\run005,,,,,,,,,HighESpec\20190801\run005.npy,,,,,,,,,,
20190801\run006,,,,,,,,,HighESpec\20190801\run006.npy,,,,,,,,,,
20190801\run007,,,,,,,,,HighESpec\20190801\run007.npy,,,,,,,,,,
20190801\run008,,,,,,,,,HighESpec\20190801\run008.npy,,,,,,,,,,
20190801\run009,,,,,,,,,HighESpec\20190801\run009.npy,,,,,,,,,,
20190801\run010,,,,,,,,,HighESpec\20190801\run010.npy,,,,,,,,,,
20190801\run011,,,,,,,,,HighESpec\20190801\run011.npy,,,,,,,,,,
20190801\cal001,,,,,,,,,,,,,,,,,,,
20190829\run001,,,,,,,,,HighESpec\20190829\run001.npy,,,,,,,,,,
20190829\run002,,,,,,,,,HighESpec\20190829\run002.npy,,,,,,,,,,
20190829\run003,,,,,,,,,HighESpec\20190829\run003.npy,,,,,,,,,,
20190829\run004,,,,,,,,,HighESpec\20190829\run004.npy,,,,,,,,,,
20190829\run005,,,,,,,,,HighESpec\20190829\run005.npy,,,,,,,,,,
20190829\run006,,,,,,,,,HighESpec\20190829\run006.npy,,,,,,,,,,
20190829\run007,,,,,,,,,HighESpec\20190829\run007.npy,,,,,,Probe_Interferometry\20190829\run007.npy,,,,
20190829\run008,,,,,,,,,HighESpec\20190829\run008.npy,,,,,,,,,,
20190829\test01,,,,,,,,,HighESpec\20190829\test01.npy,,,,,,,,,,
20190829\test02,,,,,,,,,HighESpec\20190829\test02.npy,,,,,,,,,,
20190829\run009,,,,,,,,,,,,,,,Probe_Interferometry\20190829\run009.npy,,,,
20190830\run001,,,,,,,,,HighESpec\20190830\run001.npy,,,,,,,,,,
20190830\run002,,,,,,,,,HighESpec\20190830\run002.npy,,,,,,,,,,
20190830\run003,,,,,,,,,HighESpec\20190830\run003.npy,,,,,,,,,,
20190830\run004,,,,,,,,,HighESpec\20190830\run004.npy,,,,,,,,,,
20190830\run005,,,,,,,,,,,,,,,,,,,
20190830\run006,,,,,,,,,HighESpec\20190830\run006.npy,,,,,,,,,,
20190830\run007,,,,,,,,,HighESpec\20190830\run007.npy,,,,,,,,,,
20190830\run008,,,,,,,,,HighESpec\20190830\run008.npy,,,,,,,,,,
20190830\run009,,,,,,,,,HighESpec\20190830\run009.npy,,,,,,,,,,
20190830\run010,,,,,,,,,HighESpec\20190830\run010.npy,,,,,,Probe_Interferometry\20190830\run010.npy,,,,
20190830\run011,,,,,,,,,HighESpec\20190830\run011.npy,,,,,,,,,,
20190830\run012,,,,,,,,,HighESpec\20190830\run012.npy,,,,,,,,,,
20190830\run013,,,,,,,,,HighESpec\20190830\run013.npy,,,,,,,,,,
20190830\run014,,,,,,,,,HighESpec\20190830\run014.npy,,,,,,,,,,
20190830\run015,,,,,,,,,HighESpec\20190830\run015.npy,,,,,,,,,,
20190830\run016,,,,,,,,,HighESpec\20190830\run016.npy,,,,,,,,,,
20190830\run017,,,,,,,,,HighESpec\20190830\run017.npy,,,,,,,,,,
20190830\run018,,,,,,,,,HighESpec\20190830\run018.npy,,,,,,,,,,
20190830\run019,,,,,,,,,HighESpec\20190830\run019.npy,,,,,,,,,,
20190830\test01,,,,,,,,,HighESpec\20190830\test01.npy,,,,,,,,,,
20190830\energy01,,,,,,,,,,,,,,,,,,,
20190903\darkfield01,,,,,,,,,HighESpec\20190903\darkfield01.npy,,,,PreCompNF\20190903\NFCalibration.npy,,,,,,
20190903\darkfield02,,,,,,,,,HighESpec\20190903\darkfield02.npy,,,,PreCompNF\20190903\NFCalibration.npy,,,,,,
20190903\run01,,,,,,,,,HighESpec\20190903\run01.npy,,,,PreCompNF\20190903\NFCalibration.npy,,,,,,
20190903\run02,,,,,,,,,HighESpec\20190903\run02.npy,,,,PreCompNF\20190903\NFCalibration.npy,,,,,,
20190903\run03,,,,,,,,,HighESpec\20190903\run03.npy,,,,PreCompNF\20190903\NFCalibration.npy,,,,,,
20190903\run04,,,,,,,,,HighESpec\20190903\run04.npy,,,,PreCompNF\20190903\NFCalibration.npy,,,,,,
20190903\run05,,,,,,,,,HighESpec\20190903\run05.npy,,,,PreCompNF\20190903\NFCalibration.npy,,,,,,
20190903\run06,,,,,,,,,HighESpec\20190903\run06.npy,,,,PreCompNF\20190903\NFCalibration.npy,,,,,,
20190903\run07,,,,,,,,,HighESpec\20190903\run07.npy,,,,PreCompNF\20190903\NFCalibration.npy,,,,,,
20190903\test01,,,,,,,,,HighESpec\20190903\test01.npy,,,,PreCompNF\20190903\NFCalibration.npy,,,,,,
20190903\energy01,,,,,,,,,,,,,PreCompNF\20190903\NFCalibration.npy,,,,,,
20190904\darkfield01,,,,,,,,,HighESpec\20190904\darkfield01.npy,,,,PreCompNF\20190904\NFCalibration.npy,,,,,,
20190904\run001,,,,,,,,,,,,,PreCompNF\20190904\NFCalibration.npy,,Probe_Interferometry\20190904\run001.npy,,,,
20190904\run002,,,,,,,,,HighESpec\20190904\run002.npy,,,,PreCompNF\20190904\NFCalibration.npy,,,,,,
20190904\run003,,,,,,,,,HighESpec\20190904\run003.npy,,,,PreCompNF\20190904\NFCalibration.npy,,,,,,
20190904\run004,,,,,,,,,HighESpec\20190904\run004.npy,,,,PreCompNF\20190904\NFCalibration.npy,,,,,,
20190904\run005,,,,,,,,,HighESpec\20190904\run005.npy,,,,PreCompNF\20190904\NFCalibration.npy,,Probe_Interferometry\20190904\run005.npy,,,,
20190904\run006,,,,,,,,,HighESpec\20190904\run006.npy,,,,PreCompNF\20190904\NFCalibration.npy,,,,,,
20190904\run007,,,,,,,,,HighESpec\20190904\run007.npy,,,,PreCompNF\20190904\NFCalibration.npy,,,,,,
20190904\run008,,,,,,,,,HighESpec\20190904\run008.npy,,,,PreCompNF\20190904\NFCalibration.npy,,Probe_Interferometry\20190904\run008.npy,,,,
20190904\run009,,,,,,,,,HighESpec\20190904\run009.npy,,,,PreCompNF\20190904\NFCalibration.npy,,Probe_Interferometry\20190904\run009.npy,,,,
20190904\run010,,,,,,,,,HighESpec\20190904\run010.npy,,,,PreCompNF\20190904\NFCalibration.npy,,Probe_Interferometry\20190904\run010.npy,,,,
20190904\run011,,,,,,,,,HighESpec\20190904\run011.npy,,,,PreCompNF\20190904\NFCalibration.npy,,,,,,
20190904\run012,,,,,,,,,HighESpec\20190904\run012.npy,,,,PreCompNF\20190904\NFCalibration.npy,,,,,,
20190904\run013,,,,,,,,,HighESpec\20190904\run013.npy,,,,PreCompNF\20190904\NFCalibration.npy,,,,,,
20190904\run014,,,,,,,,,HighESpec\20190904\run014.npy,,,,PreCompNF\20190904\NFCalibration.npy,,,,,,
20190904\run015,,,,,,,,,HighESpec\20190904\run015.npy,,,,PreCompNF\20190904\NFCalibration.npy,,,,,,
20190904\run016,,,,,,,,,HighESpec\20190904\run016.npy,,,,PreCompNF\20190904\NFCalibration.npy,,,,,,
20190904\run017,,,,,,,,,HighESpec\20190904\run017.npy,,,,PreCompNF\20190904\NFCalibration.npy,,,,,,
20190904\run018,,,,,,,,,HighESpec\20190904\run018.npy,,,,PreCompNF\20190904\NFCalibration.npy,,,,,,
20190904\test01,,,,,,,,,,,,,PreCompNF\20190904\NFCalibration.npy,,,,,,
20190904\test02,,,,,,,,,HighESpec\20190904\test02.npy,,,,PreCompNF\20190904\NFCalibration.npy,,,,,,
20190904\test03,,,,,,,,,HighESpec\20190904\test03.npy,,,,PreCompNF\20190904\NFCalibration.npy,,,,,,
20190904\energy01,,,,,,,,,,,,,PreCompNF\20190904\NFCalibration.npy,,,,,,
20190905\darkfield01,,,,,,,,,HighESpec\20190905\darkfield01.npy,,,,PreCompNF\20190905\NFCalibration.npy,,,,,,
20190905\darkfield02,,,,,,,,,HighESpec\20190905\darkfield02.npy,,,,PreCompNF\20190905\NFCalibration.npy,,,,,,
20190905\ref01,,,,,,,,,HighESpec\20190905\ref01.npy,,,,PreCompNF\20190905\NFCalibration.npy,,,,,,
20190905\run001,,,,,,,,,HighESpec\20190905\run001.npy,,,,PreCompNF\20190905\NFCalibration.npy,,,,,,
20190905\run002,,,,,,,,,HighESpec\20190905\run002.npy,,,,PreCompNF\20190905\NFCalibration.npy,,,,,,
20190905\run003,,,,,,,,,HighESpec\20190905\run003.npy,,,,PreCompNF\20190905\NFCalibration.npy,,,,,,
20190905\run004,,,,,,,,,HighESpec\20190905\run004.npy,,,,PreCompNF\20190905\NFCalibration.npy,,,,,,
20190905\run005,,,,,,,,,HighESpec\20190905\run005.npy,,,,PreCompNF\20190905\NFCalibration.npy,,Probe_Interferometry\20190905\run005.npy,,,,
20190905\run006,,,,,,,,,HighESpec\20190905\run006.npy,,,,PreCompNF\20190905\NFCalibration.npy,,Probe_Interferometry\20190905\run006.npy,,,,
20190905\run007,,,,,,,,,HighESpec\20190905\run007.npy,,,,PreCompNF\20190905\NFCalibration.npy,,Probe_Interferometry\20190905\run007.npy,,,,
20190905\run008,,,,,,,,,HighESpec\20190905\run008.npy,,,,PreCompNF\20190905\NFCalibration.npy,,Probe_Interferometry\20190905\run008.npy,,,,
20190905\run009,,,,,,,,,HighESpec\20190905\run009.npy,,,,PreCompNF\20190905\NFCalibration.npy,,Probe_Interferometry\20190905\run009.npy,,,,
20190905\run010,,,,,,,,,HighESpec\20190905\run010.npy,,,,PreCompNF\20190905\NFCalibration.npy,,,,,,
20190905\run011,,,,,,,,,HighESpec\20190905\run011.npy,,,,PreCompNF\20190905\NFCalibration.npy,,Probe_Interferometry\20190905\run011.npy,,,,
20190905\run012,,,,,,,,,HighESpec\20190905\run012.npy,,,,PreCompNF\20190905\NFCalibration.npy,,,,,,
20190905\run013,,,,,,,,,HighESpec\20190905\run013.npy,,,,PreCompNF\20190905\NFCalibration.npy,,,,,,
20190905\run014,,,,,,,,,HighESpec\20190905\run014.npy,,,,PreCompNF\20190905\NFCalibration.npy,,,,,,
20190905\run015,,,,,,,,,HighESpec\20190905\run015.npy,,,,PreCompNF\20190905\NFCalibration.npy,,Probe_Interferometry\20190905\run015.npy,,,,
20190905\run016,,,,,,,,,HighESpec\20190905\run016.npy,,,,PreCompNF\20190905\NFCalibration.npy,,Probe_Interferometry\20190905\run016.npy,,,,
20190905\run017,,,,,,,,,HighESpec\20190905\run017.npy,,,,PreCompNF\20190905\NFCalibration.npy,,Probe_Interferometry\20190905\run017.npy,,,,
20190905\run018,,,,,,,,,HighESpec\20190905\run018.npy,,,,PreCompNF\20190905\NFCalibration.npy,,,,,,
20190905\run019,,,,,,,,,HighESpec\20190905\run019.npy,,,,PreCompNF\20190905\NFCalibration.npy,,,,,,
20190905\run020,,,,,,,,,HighESpec\20190905\run020.npy,,,,PreCompNF\20190905\NFCalibration.npy,,,,,,
20190905\run021,,,,,,,,,HighESpec\20190905\run021.npy,,,,PreCompNF\20190905\NFCalibration.npy,,,,,,
20190905\run022,,,,,,,,,HighESpec\20190905\run022.npy,,,,PreCompNF\20190905\NFCalibration.npy,,,,,,
20190905\run023,,,,,,,,,HighESpec\20190905\run023.npy,,,,PreCompNF\20190905\NFCalibration.npy,,,,,,
20190905\run024,,,,,,,,,HighESpec\20190905\run024.npy,,,,PreCompNF\20190905\NFCalibration.npy,,Probe_Interferometry\20190905\run024.npy,,,,
20190905\test01,,,,,,,,,HighESpec\20190905\test01.npy,,,,PreCompNF\20190905\NFCalibration.npy,,,,,,
20190906\darkfield01,,,,,,,,,HighESpec\20190906\darkfield01.npy,,,,PreCompNF\20190906\NFCalibration.npy,,,,,,
20190906\imageplate01,,,,,,,,,HighESpec\20190906\imageplate01.npy,,,,PreCompNF\20190906\NFCalibration.npy,,,,,,
20190906\run001,,,,,,,,,HighESpec\20190906\run001.npy,,,,PreCompNF\20190906\NFCalibration.npy,,,,,,
20190906\run002,,,,,,,,,HighESpec\20190906\run002.npy,,,,PreCompNF\20190906\NFCalibration.npy,,,,,,
20190906\run003,,,,,,,,,HighESpec\20190906\run003.npy,,,,PreCompNF\20190906\NFCalibration.npy,,,,,,
20190906\run004,,,,,,,,,HighESpec\20190906\run004.npy,,,,PreCompNF\20190906\NFCalibration.npy,,Probe_Interferometry\20190906\run004.npy,,,,
20190906\run005,,,,,,,,,HighESpec\20190906\run005.npy,,,,PreCompNF\20190906\NFCalibration.npy,,Probe_Interferometry\20190906\run005.npy,,,,
20190906\run006,,,,,,,,,HighESpec\20190906\run006.npy,,,,PreCompNF\20190906\NFCalibration.npy,,,,,,
20190906\run007,,,,,,,,,HighESpec\20190906\run007.npy,,,,PreCompNF\20190906\NFCalibration.npy,,,,,,
20190906\run008,,,,,,,,,HighESpec\20190906\run008.npy,,,,PreCompNF\20190906\NFCalibration.npy,,,,,,
20190906\test01,,,,,,,,,HighESpec\20190906\test01.npy,,,,PreCompNF\20190906\NFCalibration.npy,,,,,,
20190909\SideSpecCal01,,,,,,,,,HighESpec\20190909\SideSpecCal01.npy,,,,PreCompNF\20190909\NFCalibration.npy,,,,,,
20190909\darkfield01,,,,,,,,,HighESpec\20190909\darkfield01.npy,,,,PreCompNF\20190909\NFCalibration.npy,,,,,,
20190909\run001,,,,,,,,,HighESpec\20190909\run001.npy,,,,PreCompNF\20190909\NFCalibration.npy,,,,,,
20190909\run002,,,,,,,,,HighESpec\20190909\run002.npy,,,,PreCompNF\20190909\NFCalibration.npy,,Probe_Interferometry\20190909\run002.npy,,,,
20190909\run003,,,,,,,,,HighESpec\20190909\run003.npy,,,,PreCompNF\20190909\NFCalibration.npy,,,,,,
20190909\run004,,,,,,,,,HighESpec\20190909\run004.npy,,,,PreCompNF\20190909\NFCalibration.npy,,,,,,
20190909\run005,,,,,,,,,HighESpec\20190909\run005.npy,,,,PreCompNF\20190909\NFCalibration.npy,,,,,,
20190909\run006,,,,,,,,,HighESpec\20190909\run006.npy,,,,PreCompNF\20190909\NFCalibration.npy,,Probe_Interferometry\20190909\run006.npy,,,,
20190909\run007,,,,,,,,,HighESpec\20190909\run007.npy,,,,PreCompNF\20190909\NFCalibration.npy,,,,,,
20190909\run008,,,,,,,,,HighESpec\20190909\run008.npy,,,,PreCompNF\20190909\NFCalibration.npy,,,,,,
20190909\run009,,,,,,,,,HighESpec\20190909\run009.npy,,,,PreCompNF\20190909\NFCalibration.npy,,,,,,
20190909\run010,,,,,,,,,HighESpec\20190909\run010.npy,,,,PreCompNF\20190909\NFCalibration.npy,,Probe_Interferometry\20190909\run010.npy,,,,
20190909\run011,,,,,,,,,HighESpec\20190909\run011.npy,,,,PreCompNF\20190909\NFCalibration.npy,,,,,,
20190909\run012,,,,,,,,,HighESpec\20190909\run012.npy,,,,PreCompNF\20190909\NFCalibration.npy,,,,,,
20190909\run013,,,,,,,,,HighESpec\20190909\run013.npy,,,,PreCompNF\20190909\NFCalibration.npy,,,,,,
20190909\run014,,,,,,,,,HighESpec\20190909\run014.npy,,,,PreCompNF\20190909\NFCalibration.npy,,,,,,
20190909\test01,,,,,,,,,HighESpec\20190909\test01.npy,,,,PreCompNF\20190909\NFCalibration.npy,,,,,,
20190909\test02,,,,,,,,,HighESpec\20190909\test02.npy,,,,PreCompNF\20190909\NFCalibration.npy,,,,,,
20190909\energy01,,,,,,,,,,,,,PreCompNF\20190909\NFCalibration.npy,,,,,,
20190909\energy02,,,,,,,,,,,,,PreCompNF\20190909\NFCalibration.npy,,,,,,
20190910\darkfield01,,,,,,,,,HighESpec\20190910\darkfield01.npy,,,,PreCompNF\20190910\NFCalibration.npy,,,,,,
20190910\darkfield02,,,,,,,,,HighESpec\20190910\darkfield02.npy,,,,PreCompNF\20190910\NFCalibration.npy,,,,,,
20190910\run001,,,,,,,,,HighESpec\20190910\run001.npy,,,,PreCompNF\20190910\NFCalibration.npy,,,,,,
20190910\run002,,,,,,,,,HighESpec\20190910\run002.npy,,,,PreCompNF\20190910\NFCalibration.npy,,Probe_Interferometry\20190910\run002.npy,,,,
20190910\run003,,,,,,,,,HighESpec\20190910\run003.npy,,,,PreCompNF\20190910\NFCalibration.npy,,Probe_Interferometry\20190910\run003.npy,,,,
20190910\run004,,,,,,,,,HighESpec\20190910\run004.npy,,,,PreCompNF\20190910\NFCalibration.npy,,,,,,
20190910\run005,,,,,,,,,HighESpec\20190910\run005.npy,,,,PreCompNF\20190910\NFCalibration.npy,,,,,,
20190910\run006,,,,,,,,,HighESpec\20190910\run006.npy,,,,PreCompNF\20190910\NFCalibration.npy,,,,,,
20190910\run007,,,,,,,,,HighESpec\20190910\run007.npy,,,,PreCompNF\20190910\NFCalibration.npy,,,,,,
20190910\run008,,,,,,,,,HighESpec\20190910\run008.npy,,,,PreCompNF\20190910\NFCalibration.npy,,,,,,
20190910\run009,,,,,,,,,HighESpec\20190910\run009.npy,,,,PreCompNF\20190910\NFCalibration.npy,,,,,,
20190910\run010,,,,,,,,,HighESpec\20190910\run010.npy,,,,PreCompNF\20190910\NFCalibration.npy,,,,,,
20190910\run011,,,,,,,,,HighESpec\20190910\run011.npy,,,,PreCompNF\20190910\NFCalibration.npy,,,,,,
20190910\run012,,,,,,,,,HighESpec\20190910\run012.npy,,,,PreCompNF\20190910\NFCalibration.npy,,Probe_Interferometry\20190910\run012.npy,,,,
20190910\run013,,,,,,,,,HighESpec\20190910\run013.npy,,,,PreCompNF\20190910\NFCalibration.npy,,,,,,
20190910\run014,,,,,,,,,HighESpec\20190910\run014.npy,,,,PreCompNF\20190910\NFCalibration.npy,,,,,,
20190910\run015,,,,,,,,,HighESpec\20190910\run015.npy,,,,PreCompNF\20190910\NFCalibration.npy,,,,,,
20190910\run016,,,,,,,,,HighESpec\20190910\run016.npy,,,,PreCompNF\20190910\NFCalibration.npy,,,,,,
20190910\run017,,,,,,,,,HighESpec\20190910\run017.npy,,,,PreCompNF\20190910\NFCalibration.npy,,,,,,
20190910\run018,,,,,,,,,HighESpec\20190910\run018.npy,,,,PreCompNF\20190910\NFCalibration.npy,,,,,,
20190910\run019,,,,,,,,,HighESpec\20190910\run019.npy,,,,PreCompNF\20190910\NFCalibration.npy,,,,,,
20190910\run020,,,,,,,,,HighESpec\20190910\run020.npy,,,,PreCompNF\20190910\NFCalibration.npy,,,,,,
20190910\test01,,,,,,,,,HighESpec\20190910\test01.npy,,,,PreCompNF\20190910\NFCalibration.npy,,,,,,
20190911\darkfield01,,,,,,,,,HighESpec\20190911\darkfield01.npy,,,,PreCompNF\20190911\NFCalibration.npy,,,,,,
20190911\run001,,,,,,,,,HighESpec\20190911\run001.npy,,,,PreCompNF\20190911\NFCalibration.npy,,,,,,
20190911\run002,,,,,,,,,HighESpec\20190911\run002.npy,,,,PreCompNF\20190911\NFCalibration.npy,,,,,,
20190911\run003,,,,,,,,,HighESpec\20190911\run003.npy,,,,PreCompNF\20190911\NFCalibration.npy,,,,,,
20190911\run004,,,,,,,,,HighESpec\20190911\run004.npy,,,,PreCompNF\20190911\NFCalibration.npy,,,,,,
20190911\run005,,,,,,,,,HighESpec\20190911\run005.npy,,,,PreCompNF\20190911\NFCalibration.npy,,,,,,
20190911\run006,,,,,,,,,HighESpec\20190911\run006.npy,,,,PreCompNF\20190911\NFCalibration.npy,,,,,,
20190911\run007,,,,,,,,,HighESpec\20190911\run007.npy,,,,PreCompNF\20190911\NFCalibration.npy,,,,,,
20190911\run008,,,,,,,,,HighESpec\20190911\run008.npy,,,,PreCompNF\20190911\NFCalibration.npy,,,,,,
20190911\run009,,,,,,,,,HighESpec\20190911\run009.npy,,,,PreCompNF\20190911\NFCalibration.npy,,,,,,
20190911\run010,,,,,,,,,HighESpec\20190911\run010.npy,,,,PreCompNF\20190911\NFCalibration.npy,,,,,,
20190911\run011,,,,,,,,,HighESpec\20190911\run011.npy,,,,PreCompNF\20190911\NFCalibration.npy,,,,,,
20190911\run012,,,,,,,,,HighESpec\20190911\run012.npy,,,,PreCompNF\20190911\NFCalibration.npy,,,,,,
20190911\run013,,,,,,,,,HighESpec\20190911\run013.npy,,,,PreCompNF\20190911\NFCalibration.npy,,,,,,
20190911\run014,,,,,,,,,HighESpec\20190911\run014.npy,,,,PreCompNF\20190911\NFCalibration.npy,,,,,,
20190911\test01,,,,,,,,,HighESpec\20190911\test01.npy,,,,PreCompNF\20190911\NFCalibration.npy,,,,,,
20190911\trigTest01,,,,,,,,,HighESpec\20190911\trigTest01.npy,,,,PreCompNF\20190911\NFCalibration.npy,,,,,,
20190912\darkfield01,,,,,,,,,HighESpec\20190912\darkfield01.npy,,,,PreCompNF\20190912\NFCalibration.npy,,,,,,
20190912\darkfield02,,,,,,,,,HighESpec\20190912\darkfield02.npy,,,,PreCompNF\20190912\NFCalibration.npy,,,,,,
20190912\run001,,,,,,,,,HighESpec\20190912\run001.npy,,,,PreCompNF\20190912\NFCalibration.npy,,,,,,
20190912\run002,,,,,,,,,HighESpec\20190912\run002.npy,,,,PreCompNF\20190912\NFCalibration.npy,,,,,,
20190912\run003,,,,,,,,,HighESpec\20190912\run003.npy,,,,PreCompNF\20190912\NFCalibration.npy,,,,,,
20190912\run004,,,,,,,,,HighESpec\20190912\run004.npy,,,,PreCompNF\20190912\NFCalibration.npy,,,,,,
20190912\run005,,,,,,,,,HighESpec\20190912\run005.npy,,,,PreCompNF\20190912\NFCalibration.npy,,,,,,
20190912\run006,,,,,,,,,HighESpec\20190912\run006.npy,,,,PreCompNF\20190912\NFCalibration.npy,,,,,,
20190912\run007,,,,,,,,,HighESpec\20190912\run007.npy,,,,PreCompNF\20190912\NFCalibration.npy,,,,,,
20190912\run008,,,,,,,,,HighESpec\20190912\run008.npy,,,,PreCompNF\20190912\NFCalibration.npy,,,,,,
20190912\run009,,,,,,,,,HighESpec\20190912\run009.npy,,,,PreCompNF\20190912\NFCalibration.npy,,,,,,
20190912\run010,,,,,,,,,HighESpec\20190912\run010.npy,,,,PreCompNF\20190912\NFCalibration.npy,,,,,,
20190912\run011,,,,,,,,,HighESpec\20190912\run011.npy,,,,PreCompNF\20190912\NFCalibration.npy,,,,,,
20190912\run012,,,,,,,,,HighESpec\20190912\run012.npy,,,,PreCompNF\20190912\NFCalibration.npy,,,,,,
20190912\test01,,,,,,,,,HighESpec\20190912\test01.npy,,,,PreCompNF\20190912\NFCalibration.npy,,,,,,
20190912\electronCal01,,,,,,,,,HighESpec\20190912\electronCal01.npy,,,,,,,,,,
20190912\electronCal02,,,,,,,,,HighESpec\20190912\electronCal02.npy,,,,,,,,,,
20190912\electronCal03,,,,,,,,,HighESpec\20190912\electronCal03.npy,,,,,,,,,,
20190912\electronCal04,,,,,,,,,HighESpec\20190912\electronCal04.npy,,,,,,,,,,
20190912\electronCal05,,,,,,,,,HighESpec\20190912\electronCal05.npy,,,,,,,,,,
20190912\electronCal06,,,,,,,,,HighESpec\20190912\electronCal06.npy,,,,,,,,,,
20190912\electronCal07,,,,,,,,,HighESpec\20190912\electronCal07.npy,,,,,,,,,,
20190913\darkfield01,,,,,,,,,HighESpec\20190913\darkfield01.npy,,,,PreCompNF\20190913\NFCalibration.npy,,,,,,
20190913\run001,,,,,,,,,HighESpec\20190913\run001.npy,,,,PreCompNF\20190913\NFCalibration.npy,,,,,,
20190913\run002,,,,,,,,,HighESpec\20190913\run002.npy,,,,PreCompNF\20190913\NFCalibration.npy,,,,,,
20190913\run003,,,,,,,,,HighESpec\20190913\run003.npy,,,,PreCompNF\20190913\NFCalibration.npy,,,,,,
20190913\run004,,,,,,,,,HighESpec\20190913\run004.npy,,,,PreCompNF\20190913\NFCalibration.npy,,,,,,
20190913\run005,,,,,,,,,HighESpec\20190913\run005.npy,,,,PreCompNF\20190913\NFCalibration.npy,,,,,,
20190913\run006,,,,,,,,,HighESpec\20190913\run006.npy,,,,PreCompNF\20190913\NFCalibration.npy,,,,,,
20190913\run007,,,,,,,,,HighESpec\20190913\run007.npy,,,,PreCompNF\20190913\NFCalibration.npy,,,,,,
20190913\run008,,,,,,,,,HighESpec\20190913\run008.npy,,,,PreCompNF\20190913\NFCalibration.npy,,,,,,
20190913\run009,,,,,,,,,HighESpec\20190913\run009.npy,,,,PreCompNF\20190913\NFCalibration.npy,,,,,,
20190913\run010,,,,,,,,,HighESpec\20190913\run010.npy,,,,PreCompNF\20190913\NFCalibration.npy,,,,,,
20190913\run011,,,,,,,,,HighESpec\20190913\run011.npy,,,,PreCompNF\20190913\NFCalibration.npy,,,,,,
20190913\run012,,,,,,,,,HighESpec\20190913\run012.npy,,,,PreCompNF\20190913\NFCalibration.npy,,,,,,
20190913\run013,,,,,,,,,HighESpec\20190913\run013.npy,,,,PreCompNF\20190913\NFCalibration.npy,,,,,,
20190913\run014,,,,,,,,,HighESpec\20190913\run014.npy,,,,PreCompNF\20190913\NFCalibration.npy,,,,,,
20190913\run015,,,,,,,,,HighESpec\20190913\run015.npy,,,,PreCompNF\20190913\NFCalibration.npy,,,,,,
20190913\run016,,,,,,,,,HighESpec\20190913\run016.npy,,,,PreCompNF\20190913\NFCalibration.npy,,Probe_Interferometry\20190913\run016.npy,,,,
20190913\run017,,,,,,,,,HighESpec\20190913\run017.npy,,,,PreCompNF\20190913\NFCalibration.npy,,,,,,
20190913\run018,,,,,,,,,HighESpec\20190913\run018.npy,,,,PreCompNF\20190913\NFCalibration.npy,,,,,,
20190913\run019,,,,,,,,,HighESpec\20190913\run019.npy,,,,PreCompNF\20190913\NFCalibration.npy,,,,,,
20190913\run020,,,,,,,,,HighESpec\20190913\run020.npy,,,,PreCompNF\20190913\NFCalibration.npy,,,,,,
20190913\run021,,,,,,,,,HighESpec\20190913\run021.npy,,,,PreCompNF\20190913\NFCalibration.npy,,,,,,
20190913\run022,,,,,,,,,HighESpec\20190913\run022.npy,,,,PreCompNF\20190913\NFCalibration.npy,,,,,,
20190913\test01,,,,,,,,,HighESpec\20190913\test01.npy,,,,PreCompNF\20190913\NFCalibration.npy,,,,,,
20190926\darkfield01,,,,,,,,,HighESpec\20190926\darkfield01.npy,,,,PreCompNF\20190926\NFCalibration.npy,,,,,,
20190926\run001,,,,,,,,,HighESpec\20190926\run001.npy,,,,PreCompNF\20190926\NFCalibration.npy,,,,,,
20190926\run002,,,,,,,,,HighESpec\20190926\run002.npy,,,,PreCompNF\20190926\NFCalibration.npy,,Probe_Interferometry\20190926\run002.npy,,,,
20190926\run003,,,,,,,,,HighESpec\20190926\run003.npy,,,,PreCompNF\20190926\NFCalibration.npy,,,,,,
20190926\run004,,,,,,,,,HighESpec\20190926\run004.npy,,,,PreCompNF\20190926\NFCalibration.npy,,Probe_Interferometry\20190926\run004.npy,,,,
20190926\run005,,,,,,,,,HighESpec\20190926\run005.npy,,,,PreCompNF\20190926\NFCalibration.npy,,Probe_Interferometry\20190926\run005.npy,,,,
20190926\run006,,,,,,,,,HighESpec\20190926\run006.npy,,,,PreCompNF\20190926\NFCalibration.npy,,,,,,
20190926\run007,,,,,,,,,HighESpec\20190926\run007.npy,,,,PreCompNF\20190926\NFCalibration.npy,,,,,,
20190926\run008,,,,,,,,,HighESpec\20190926\run008.npy,,,,PreCompNF\20190926\NFCalibration.npy,,Probe_Interferometry\20190926\run008.npy,,,,
20190926\run009,,,,,,,,,HighESpec\20190926\run009.npy,,,,PreCompNF\20190926\NFCalibration.npy,,,,,,
20190926\run010,,,,,,,,,HighESpec\20190926\run010.npy,,,,PreCompNF\20190926\NFCalibration.npy,,Probe_Interferometry\20190926\run010.npy,,,,
20190926\run011,,,,,,,,,HighESpec\20190926\run011.npy,,,,PreCompNF\20190926\NFCalibration.npy,,,,,,
20190926\run012,,,,,,,,,HighESpec\20190926\run012.npy,,,,PreCompNF\20190926\NFCalibration.npy,,,,,,
20190926\run013,,,,,,,,,HighESpec\20190926\run013.npy,,,,PreCompNF\20190926\NFCalibration.npy,,,,,,
20190926\run014,,,,,,,,,HighESpec\20190926\run014.npy,,,,PreCompNF\20190926\NFCalibration.npy,,,,,,
20190926\run015,,,,,,,,,HighESpec\20190926\run015.npy,,,,PreCompNF\20190926\NFCalibration.npy,,Probe_Interferometry\20190926\run015.npy,,,,
20190926\run016,,,,,,,,,HighESpec\20190926\run016.npy,,,,PreCompNF\20190926\NFCalibration.npy,,,,,,
20190926\run017,,,,,,,,,HighESpec\20190926\run017.npy,,,,PreCompNF\20190926\NFCalibration.npy,,,,,,
20190926\run018,,,,,,,,,HighESpec\20190926\run018.npy,,,,PreCompNF\20190926\NFCalibration.npy,,,,,,
20190926\run019,,,,,,,,,HighESpec\20190926\run019.npy,,,,PreCompNF\20190926\NFCalibration.npy,,,,,,
20190926\run020,,,,,,,,,HighESpec\20190926\run020.npy,,,,PreCompNF\20190926\NFCalibration.npy,,,,,,
20190926\run021,,,,,,,,,HighESpec\20190926\run021.npy,,,,PreCompNF\20190926\NFCalibration.npy,,,,,,
20190926\run022,,,,,,,,,HighESpec\20190926\run022.npy,,,,PreCompNF\20190926\NFCalibration.npy,,Probe_Interferometry\20190926\run022.npy,,,,
20190926\run023,,,,,,,,,HighESpec\20190926\run023.npy,,,,PreCompNF\20190926\NFCalibration.npy,,,,,,
20190926\run024,,,,,,,,,HighESpec\20190926\run024.npy,,,,PreCompNF\20190926\NFCalibration.npy,,,,,,
20190926\test01,,,,,,,,,HighESpec\20190926\test01.npy,,,,PreCompNF\20190926\NFCalibration.npy,,,,,,
20190926\test02,,,,,,,,,HighESpec\20190926\test02.npy,,,,PreCompNF\20190926\NFCalibration.npy,,,,,,
20190926\test03,,,,,,,,,HighESpec\20190926\test03.npy,,,,PreCompNF\20190926\NFCalibration.npy,,,,,,
20190927\darkfield01,,,,,,,,,HighESpec\20190927\darkfield01.npy,,,,PreCompNF\20190927\NFCalibration.npy,,,,,,
20190927\run001,,,,,,,,,HighESpec\20190927\run001.npy,,,,PreCompNF\20190927\NFCalibration.npy,,,,,,
20190927\run002,,,,,,,,,HighESpec\20190927\run002.npy,,,,PreCompNF\20190927\NFCalibration.npy,,,,,,
20190927\run003,,,,,,,,,HighESpec\20190927\run003.npy,,,,PreCompNF\20190927\NFCalibration.npy,,,,,,
20190927\run004,,,,,,,,,HighESpec\20190927\run004.npy,,,,PreCompNF\20190927\NFCalibration.npy,,,,,,
20190927\run005,,,,,,,,,HighESpec\20190927\run005.npy,,,,PreCompNF\20190927\NFCalibration.npy,,,,,,
20190927\run006,,,,,,,,,HighESpec\20190927\run006.npy,,,,PreCompNF\20190927\NFCalibration.npy,,,,,,
20190927\run007,,,,,,,,,HighESpec\20190927\run007.npy,,,,PreCompNF\20190927\NFCalibration.npy,,,,,,
20190927\run008,,,,,,,,,HighESpec\20190927\run008.npy,,,,PreCompNF\20190927\NFCalibration.npy,,,,,,
20190927\test01,,,,,,,,,HighESpec\20190927\test01.npy,,,,PreCompNF\20190927\NFCalibration.npy,,,,,,
20190927\energy01,,,,,,,,,,,,,PreCompNF\20190927\NFCalibration.npy,,,,,,
20190930\darkfield01,,,,,,,,,HighESpec\20190930\darkfield01.npy,,,,PreCompNF\20190930\NFCalibration.npy,,,,,,
20190930\run001,,,,,,,,,HighESpec\20190930\run001.npy,,,,PreCompNF\20190930\NFCalibration.npy,,,,,,
20190930\run002,,,,,,,,,HighESpec\20190930\run002.npy,,,,PreCompNF\20190930\NFCalibration.npy,,,,,,
20190930\run003,,,,,,,,,HighESpec\20190930\run003.npy,,,,PreCompNF\20190930\NFCalibration.npy,,,,,,
20190930\run004,,,,,,,,,HighESpec\20190930\run004.npy,,,,PreCompNF\20190930\NFCalibration.npy,,,,,,
20190930\run005,,,,,,,,,HighESpec\20190930\run005.npy,,,,PreCompNF\20190930\NFCalibration.npy,,,,,,
20190930\run006,,,,,,,,,HighESpec\20190930\run006.npy,,,,PreCompNF\20190930\NFCalibration.npy,,,,,,
20190930\run007,,,,,,,,,HighESpec\20190930\run007.npy,,,,PreCompNF\20190930\NFCalibration.npy,,,,,,
20190930\run008,,,,,,,,,HighESpec\20190930\run008.npy,,,,PreCompNF\20190930\NFCalibration.npy,,,,,,
20190930\run009,,,,,,,,,HighESpec\20190930\run009.npy,,,,PreCompNF\20190930\NFCalibration.npy,,,,,,
20190930\run010,,,,,,,,,HighESpec\20190930\run010.npy,,,,PreCompNF\20190930\NFCalibration.npy,,,,,,
20190930\run011,,,,,,,,,HighESpec\20190930\run011.npy,,,,PreCompNF\20190930\NFCalibration.npy,,,,,,
20190930\run012,,,,,,,,,HighESpec\20190930\run012.npy,,,,PreCompNF\20190930\NFCalibration.npy,,,,,,
20190930\run013,,,,,,,,,HighESpec\20190930\run013.npy,,,,PreCompNF\20190930\NFCalibration.npy,,,,,,
20190930\run014,,,,,,,,,HighESpec\20190930\run014.npy,,,,PreCompNF\20190930\NFCalibration.npy,,,,,,
20190930\run015,,,,,,,,,HighESpec\20190930\run015.npy,,,,PreCompNF\20190930\NFCalibration.npy,,,,,,
20190930\run016,,,,,,,,,HighESpec\20190930\run016.npy,,,,PreCompNF\20190930\NFCalibration.npy,,,,,,
20190930\run017,,,,,,,,,HighESpec\20190930\run017.npy,,,,PreCompNF\20190930\NFCalibration.npy,,,,,,
20190930\run018,,,,,,,,,HighESpec\20190930\run018.npy,,,,PreCompNF\20190930\NFCalibration.npy,,,,,,
20190930\run019,,,,,,,,,HighESpec\20190930\run019.npy,,,,PreCompNF\20190930\NFCalibration.npy,,,,,,
20190930\run020,,,,,,,,,HighESpec\20190930\run020.npy,,,,PreCompNF\20190930\NFCalibration.npy,,,,,,
20190930\run021,,,,,,,,,HighESpec\20190930\run021.npy,,,,PreCompNF\20190930\NFCalibration.npy,,,,,,
20190930\run022,,,,,,,,,HighESpec\20190930\run022.npy,,,,PreCompNF\20190930\NFCalibration.npy,,,,,,
20190930\run023,,,,,,,,,HighESpec\20190930\run023.npy,,,,PreCompNF\20190930\NFCalibration.npy,,,,,,
20190930\test01,,,,,,,,,HighESpec\20190930\test01.npy,,,,PreCompNF\20190930\NFCalibration.npy,,,,,,
20190930\test02,,,,,,,,,HighESpec\20190930\test02.npy,,,,PreCompNF\20190930\NFCalibration.npy,,,,,,
20191001\darkfield01,,,,,,,,,HighESpec\20191001\darkfield01.npy,,,,PreCompNF\20191001\NFCalibration.npy,,,,,,
20191001\run001,,,,,,,,,HighESpec\20191001\run001.npy,,,,PreCompNF\20191001\NFCalibration.npy,,,,,,
20191001\run002,,,,,,,,,HighESpec\20191001\run002.npy,,,,PreCompNF\20191001\NFCalibration.npy,,,,,,
20191001\run003,,,,,,,,,HighESpec\20191001\run003.npy,,,,PreCompNF\20191001\NFCalibration.npy,,,,,,
20191001\run004,,,,,,,,,HighESpec\20191001\run004.npy,,,,PreCompNF\20191001\NFCalibration.npy,,,,,,
20191001\run005,,,,,,,,,HighESpec\20191001\run005.npy,,,,PreCompNF\20191001\NFCalibration.npy,,,,,,
20191001\run006,,,,,,,,,HighESpec\20191001\run006.npy,,,,PreCompNF\20191001\NFCalibration.npy,,,,,,
20191001\run007,,,,,,,,,HighESpec\20191001\run007.npy,,,,PreCompNF\20191001\NFCalibration.npy,,,,,,
20191001\run009,,,,,,,,,HighESpec\20191001\run009.npy,,,,PreCompNF\20191001\NFCalibration.npy,,,,,,
20191001\run010,,,,,,,,,HighESpec\20191001\run010.npy,,,,PreCompNF\20191001\NFCalibration.npy,,,,,,
20191001\run011,,,,,,,,,HighESpec\20191001\run011.npy,,,,PreCompNF\20191001\NFCalibration.npy,,,,,,
20191001\run012,,,,,,,,,HighESpec\20191001\run012.npy,,,,PreCompNF\20191001\NFCalibration.npy,,,,,,
20191001\run014,,,,,,,,,HighESpec\20191001\run014.npy,,,,PreCompNF\20191001\NFCalibration.npy,,,,,,
20191001\run015,,,,,,,,,HighESpec\20191001\run015.npy,,,,PreCompNF\20191001\NFCalibration.npy,,,,,,
20191001\run016,,,,,,,,,HighESpec\20191001\run016.npy,,,,PreCompNF\20191001\NFCalibration.npy,,,,,,
20191001\run017,,,,,,,,,HighESpec\20191001\run017.npy,,,,PreCompNF\20191001\NFCalibration.npy,,,,,,
20191001\run018,,,,,,,,,HighESpec\20191001\run018.npy,,,,PreCompNF\20191001\NFCalibration.npy,,,,,,
20191001\run019,,,,,,,,,HighESpec\20191001\run019.npy,,,,PreCompNF\20191001\NFCalibration.npy,,,,,,
20191001\run020,,,,,,,,,HighESpec\20191001\run020.npy,,,,PreCompNF\20191001\NFCalibration.npy,,,,,,
20191001\run021,,,,,,,,,HighESpec\20191001\run021.npy,,,,PreCompNF\20191001\NFCalibration.npy,,,,,,
20191001\run022,,,,,,,,,HighESpec\20191001\run022.npy,,,,PreCompNF\20191001\NFCalibration.npy,,,,,,
20191001\run023,,,,,,,,,HighESpec\20191001\run023.npy,,,,PreCompNF\20191001\NFCalibration.npy,,,,,,
20191001\run024,,,,,,,,,HighESpec\20191001\run024.npy,,,,PreCompNF\20191001\NFCalibration.npy,,,,,,
20191001\run025,,,,,,,,,HighESpec\20191001\run025.npy,,,,PreCompNF\20191001\NFCalibration.npy,,,,,,
20191001\run026,,,,,,,,,HighESpec\20191001\run026.npy,,,,PreCompNF\20191001\NFCalibration.npy,,,,,,
20191001\run027,,,,,,,,,HighESpec\20191001\run027.npy,,,,PreCompNF\20191001\NFCalibration.npy,,,,,,
20191001\run028,,,,,,,,,HighESpec\20191001\run028.npy,,,,PreCompNF\20191001\NFCalibration.npy,,,,,,
20191001\run029,,,,,,,,,HighESpec\20191001\run029.npy,,,,PreCompNF\20191001\NFCalibration.npy,,,,,,
20191001\test01,,,,,,,,,HighESpec\20191001\test01.npy,,,,PreCompNF\20191001\NFCalibration.npy,,,,,,
20191001\test02,,,,,,,,,HighESpec\20191001\test02.npy,,,,PreCompNF\20191001\NFCalibration.npy,,,,,,
20191002\darkfield01,,,,,,,,,HighESpec\20191002\darkfield01.npy,,,,PreCompNF\20191002\NFCalibration.npy,,,,,,
20191002\run001,,,,,,,,,HighESpec\20191002\run001.npy,,,,PreCompNF\20191002\NFCalibration.npy,,,,,,
20191002\run002,,,,,,,,,HighESpec\20191002\run002.npy,,,,PreCompNF\20191002\NFCalibration.npy,,,,,,
20191002\run003,,,,,,,,,HighESpec\20191002\run003.npy,,,,PreCompNF\20191002\NFCalibration.npy,,,,,,
20191002\run004,,,,,,,,,HighESpec\20191002\run004.npy,,,,PreCompNF\20191002\NFCalibration.npy,,,,,,
20191002\run005,,,,,,,,,HighESpec\20191002\run005.npy,,,,PreCompNF\20191002\NFCalibration.npy,,,,,,
20191002\run006,,,,,,,,,HighESpec\20191002\run006.npy,,,,PreCompNF\20191002\NFCalibration.npy,,,,,,
20191002\run007,,,,,,,,,HighESpec\20191002\run007.npy,,,,PreCompNF\20191002\NFCalibration.npy,,,,,,
20191002\run008,,,,,,,,,HighESpec\20191002\run008.npy,,,,PreCompNF\20191002\NFCalibration.npy,,,,,,
20191002\run009,,,,,,,,,HighESpec\20191002\run009.npy,,,,PreCompNF\20191002\NFCalibration.npy,,,,,,
20191002\run010,,,,,,,,,HighESpec\20191002\run010.npy,,,,PreCompNF\20191002\NFCalibration.npy,,,,,,
20191002\run011,,,,,,,,,HighESpec\20191002\run011.npy,,,,PreCompNF\20191002\NFCalibration.npy,,,,,,
20191002\run012,,,,,,,,,HighESpec\20191002\run012.npy,,,,PreCompNF\20191002\NFCalibration.npy,,,,,,
20191002\run013,,,,,,,,,HighESpec\20191002\run013.npy,,,,PreCompNF\20191002\NFCalibration.npy,,,,,,
20191002\run014,,,,,,,,,HighESpec\20191002\run014.npy,,,,PreCompNF\20191002\NFCalibration.npy,,,,,,
20191002\run015,,,,,,,,,HighESpec\20191002\run015.npy,,,,PreCompNF\20191002\NFCalibration.npy,,,,,,
20191002\run016,,,,,,,,,HighESpec\20191002\run016.npy,,,,PreCompNF\20191002\NFCalibration.npy,,,,,,
20191002\run017,,,,,,,,,HighESpec\20191002\run017.npy,,,,PreCompNF\20191002\NFCalibration.npy,,,,,,
20191002\run018,,,,,,,,,HighESpec\20191002\run018.npy,,,,PreCompNF\20191002\NFCalibration.npy,,,,,,
20191002\run019,,,,,,,,,HighESpec\20191002\run019.npy,,,,PreCompNF\20191002\NFCalibration.npy,,,,,,
20191002\run020,,,,,,,,,HighESpec\20191002\run020.npy,,,,PreCompNF\20191002\NFCalibration.npy,,,,,,
20191002\run021,,,,,,,,,HighESpec\20191002\run021.npy,,,,PreCompNF\20191002\NFCalibration.npy,,,,,,
20191002\run022,,,,,,,,,HighESpec\20191002\run022.npy,,,,PreCompNF\20191002\NFCalibration.npy,,,,,,
20191002\run023,,,,,,,,,HighESpec\20191002\run023.npy,,,,PreCompNF\20191002\NFCalibration.npy,,,,,,
20191002\run024,,,,,,,,,HighESpec\20191002\run024.npy,,,,PreCompNF\20191002\NFCalibration.npy,,,,,,
20191002\run025,,,,,,,,,HighESpec\20191002\run025.npy,,,,PreCompNF\20191002\NFCalibration.npy,,,,,,
20191002\run026,,,,,,,,,HighESpec\20191002\run026.npy,,,,PreCompNF\20191002\NFCalibration.npy,,,,,,
20191002\test01,,,,,,,,,HighESpec\20191002\test01.npy,,,,PreCompNF\20191002\NFCalibration.npy,,,,,,
20191002\test02,,,,,,,,,HighESpec\20191002\test02.npy,,,,PreCompNF\20191002\NFCalibration.npy,,,,,,
20191002\test03,,,,,,,,,HighESpec\20191002\test03.npy,,,,PreCompNF\20191002\NFCalibration.npy,,,,,,
20191003\darkfield01,,,,,,,,,HighESpec\20191003\darkfield01.npy,,,,PreCompNF\20191003\NFCalibration.npy,,,,,,
20191003\darkfield02,,,,,,,,,HighESpec\20191003\darkfield02.npy,,,,PreCompNF\20191003\NFCalibration.npy,,,,,,
20191003\run001,,,,,,,,,HighESpec\20191003\run001.npy,,,,PreCompNF\20191003\NFCalibration.npy,,,,,,
20191003\run002,,,,,,,,,HighESpec\20191003\run002.npy,,,,PreCompNF\20191003\NFCalibration.npy,,,,,,
20191003\run003,,,,,,,,,HighESpec\20191003\run003.npy,,,,PreCompNF\20191003\NFCalibration.npy,,,,,,
20191003\run004,,,,,,,,,HighESpec\20191003\run004.npy,,,,PreCompNF\20191003\NFCalibration.npy,,,,,,
20191003\run005,,,,,,,,,HighESpec\20191003\run005.npy,,,,PreCompNF\20191003\NFCalibration.npy,,,,,,
20191003\run006,,,,,,,,,HighESpec\20191003\run006.npy,,,,PreCompNF\20191003\NFCalibration.npy,,,,,,
20191003\run007,,,,,,,,,HighESpec\20191003\run007.npy,,,,PreCompNF\20191003\NFCalibration.npy,,,,,,
20191003\run008,,,,,,,,,HighESpec\20191003\run008.npy,,,,PreCompNF\20191003\NFCalibration.npy,,,,,,
20191003\run009,,,,,,,,,HighESpec\20191003\run009.npy,,,,PreCompNF\20191003\NFCalibration.npy,,,,,,
20191003\run010,,,,,,,,,HighESpec\20191003\run010.npy,,,,PreCompNF\20191003\NFCalibration.npy,,,,,,
20191003\run011,,,,,,,,,HighESpec\20191003\run011.npy,,,,PreCompNF\20191003\NFCalibration.npy,,,,,,
20191003\run012,,,,,,,,,HighESpec\20191003\run012.npy,,,,PreCompNF\20191003\NFCalibration.npy,,,,,,
20191003\run013,,,,,,,,,HighESpec\20191003\run013.npy,,,,PreCompNF\20191003\NFCalibration.npy,,,,,,
20191003\run014,,,,,,,,,HighESpec\20191003\run014.npy,,,,PreCompNF\20191003\NFCalibration.npy,,,,,,
20191003\run015,,,,,,,,,HighESpec\20191003\run015.npy,,,,PreCompNF\20191003\NFCalibration.npy,,,,,,
20191003\run016,,,,,,,,,HighESpec\20191003\run016.npy,,,,PreCompNF\20191003\NFCalibration.npy,,,,,,
20191003\run017,,,,,,,,,HighESpec\20191003\run017.npy,,,,PreCompNF\20191003\NFCalibration.npy,,,,,,
20191003\run018,,,,,,,,,HighESpec\20191003\run018.npy,,,,PreCompNF\20191003\NFCalibration.npy,,,,,,
20191003\run019,,,,,,,,,HighESpec\20191003\run019.npy,,,,PreCompNF\20191003\NFCalibration.npy,,,,,,
20191003\run020,,,,,,,,,HighESpec\20191003\run020.npy,,,,PreCompNF\20191003\NFCalibration.npy,,,,,,
20191003\run021,,,,,,,,,HighESpec\20191003\run021.npy,,,,PreCompNF\20191003\NFCalibration.npy,,,,,,
20191003\run022,,,,,,,,,HighESpec\20191003\run022.npy,,,,PreCompNF\20191003\NFCalibration.npy,,,,,,
20191003\run024,,,,,,,,,HighESpec\20191003\run024.npy,,,,PreCompNF\20191003\NFCalibration.npy,,,,,,
20191003\run025,,,,,,,,,HighESpec\20191003\run025.npy,,,,PreCompNF\20191003\NFCalibration.npy,,,,,,
20191003\run026,,,,,,,,,HighESpec\20191003\run026.npy,,,,PreCompNF\20191003\NFCalibration.npy,,,,,,
20191003\run027,,,,,,,,,HighESpec\20191003\run027.npy,,,,PreCompNF\20191003\NFCalibration.npy,,,,,,
20191003\run23,,,,,,,,,HighESpec\20191003\run23.npy,,,,PreCompNF\20191003\NFCalibration.npy,,,,,,
20191003\test01,,,,,,,,,HighESpec\20191003\test01.npy,,,,PreCompNF\20191003\NFCalibration.npy,,,,,,
20191003\test02,,,,,,,,,HighESpec\20191003\test02.npy,,,,PreCompNF\20191003\NFCalibration.npy,,,,,,
20191003\test03,,,,,,,,,HighESpec\20191003\test03.npy,,,,PreCompNF\20191003\NFCalibration.npy,,,,,,
20191003\test05,,,,,,,,,HighESpec\20191003\test05.npy,,,,PreCompNF\20191003\NFCalibration.npy,,,,,,
20191004\darkfield01,,,,,,,,,HighESpec\20191004\darkfield01.npy,,,,PreCompNF\20191004\NFCalibration.npy,,,,,,
20191004\run001,,,,,,,,,HighESpec\20191004\run001.npy,,,,PreCompNF\20191004\NFCalibration.npy,,,,,,
20191004\run002,,,,,,,,,HighESpec\20191004\run002.npy,,,,PreCompNF\20191004\NFCalibration.npy,,,,,,
20191004\run003,,,,,,,,,HighESpec\20191004\run003.npy,,,,PreCompNF\20191004\NFCalibration.npy,,,,,,
20191004\run004,,,,,,,,,HighESpec\20191004\run004.npy,,,,PreCompNF\20191004\NFCalibration.npy,,,,,,
20191004\run005,,,,,,,,,HighESpec\20191004\run005.npy,,,,PreCompNF\20191004\NFCalibration.npy,,,,,,
20191004\run006,,,,,,,,,HighESpec\20191004\run006.npy,,,,PreCompNF\20191004\NFCalibration.npy,,,,,,
20191004\run007,,,,,,,,,HighESpec\20191004\run007.npy,,,,PreCompNF\20191004\NFCalibration.npy,,,,,,
20191004\run008,,,,,,,,,HighESpec\20191004\run008.npy,,,,PreCompNF\20191004\NFCalibration.npy,,,,,,
20191004\run009,,,,,,,,,HighESpec\20191004\run009.npy,,,,PreCompNF\20191004\NFCalibration.npy,,,,,,
20191004\run010,,,,,,,,,HighESpec\20191004\run010.npy,,,,PreCompNF\20191004\NFCalibration.npy,,,,,,
20191004\run011,,,,,,,,,HighESpec\20191004\run011.npy,,,,PreCompNF\20191004\NFCalibration.npy,,,,,,
20191004\run012,,,,,,,,,HighESpec\20191004\run012.npy,,,,PreCompNF\20191004\NFCalibration.npy,,,,,,
20191004\run013,,,,,,,,,HighESpec\20191004\run013.npy,,,,PreCompNF\20191004\NFCalibration.npy,,,,,,
20191004\run014,,,,,,,,,HighESpec\20191004\run014.npy,,,,PreCompNF\20191004\NFCalibration.npy,,,,,,
20191004\run015,,,,,,,,,HighESpec\20191004\run015.npy,,,,PreCompNF\20191004\NFCalibration.npy,,,,,,
20191004\run016,,,,,,,,,HighESpec\20191004\run016.npy,,,,PreCompNF\20191004\NFCalibration.npy,,,,,,
20191004\run017,,,,,,,,,HighESpec\20191004\run017.npy,,,,PreCompNF\20191004\NFCalibration.npy,,,,,,
20191004\run018,,,,,,,,,HighESpec\20191004\run018.npy,,,,PreCompNF\20191004\NFCalibration.npy,,,,,,
20191004\run019,,,,,,,,,HighESpec\20191004\run019.npy,,,,PreCompNF\20191004\NFCalibration.npy,,,,,,
20191004\run020,,,,,,,,,HighESpec\20191004\run020.npy,,,,PreCompNF\20191004\NFCalibration.npy,,,,,,
20191004\run021,,,,,,,,,HighESpec\20191004\run021.npy,,,,PreCompNF\20191004\NFCalibration.npy,,,,,,
20191004\test01,,,,,,,,,HighESpec\20191004\test01.npy,,,,PreCompNF\20191004\NFCalibration.npy,,,,,,
20191004\test02,,,,,,,,,HighESpec\20191004\test02.npy,,,,PreCompNF\20191004\NFCalibration.npy,,,,,,
20191004\test03,,,,,,,,,HighESpec\20191004\test03.npy,,,,PreCompNF\20191004\NFCalibration.npy,,,,,,
20191004\test04,,,,,,,,,HighESpec\20191004\test04.npy,,,,PreCompNF\20191004\NFCalibration.npy,,,,,,
20191007\darkfield01,,,,,,,,,HighESpec\20191007\darkfield01.npy,,,,PreCompNF\20191007\NFCalibration.npy,,,,,,
20191007\run001,,,,,,,,,HighESpec\20191007\run001.npy,,,,PreCompNF\20191007\NFCalibration.npy,,,,,,
20191007\run002,,,,,,,,,HighESpec\20191007\run002.npy,,,,PreCompNF\20191007\NFCalibration.npy,,,,,,
20191007\run003,,,,,,,,,HighESpec\20191007\run003.npy,,,,PreCompNF\20191007\NFCalibration.npy,,,,,,
20191007\run004,,,,,,,,,HighESpec\20191007\run004.npy,,,,PreCompNF\20191007\NFCalibration.npy,,,,,,
20191007\run005,,,,,,,,,HighESpec\20191007\run005.npy,,,,PreCompNF\20191007\NFCalibration.npy,,,,,,
20191007\run006,,,,,,,,,HighESpec\20191007\run006.npy,,,,PreCompNF\20191007\NFCalibration.npy,,,,,,
20191007\run007,,,,,,,,,HighESpec\20191007\run007.npy,,,,PreCompNF\20191007\NFCalibration.npy,,Probe_Interferometry\20191007\run007.npy,,,,
20191007\run008,,,,,,,,,HighESpec\20191007\run008.npy,,,,PreCompNF\20191007\NFCalibration.npy,,,,,,
20191007\run009,,,,,,,,,HighESpec\20191007\run009.npy,,,,PreCompNF\20191007\NFCalibration.npy,,,,,,
20191007\run010,,,,,,,,,HighESpec\20191007\run010.npy,,,,PreCompNF\20191007\NFCalibration.npy,,,,,,
20191007\run011,,,,,,,,,HighESpec\20191007\run011.npy,,,,PreCompNF\20191007\NFCalibration.npy,,,,,,
20191007\run012,,,,,,,,,HighESpec\20191007\run012.npy,,,,PreCompNF\20191007\NFCalibration.npy,,,,,,
20191007\run013,,,,,,,,,HighESpec\20191007\run013.npy,,,,PreCompNF\20191007\NFCalibration.npy,,,,,,
20191007\run014,,,,,,,,,HighESpec\20191007\run014.npy,,,,PreCompNF\20191007\NFCalibration.npy,,,,,,
20191007\run015,,,,,,,,,HighESpec\20191007\run015.npy,,,,PreCompNF\20191007\NFCalibration.npy,,,,,,
20191007\run016,,,,,,,,,HighESpec\20191007\run016.npy,,,,PreCompNF\20191007\NFCalibration.npy,,,,,,
20191007\run017,,,,,,,,,HighESpec\20191007\run017.npy,,,,PreCompNF\20191007\NFCalibration.npy,,,,,,
20191007\run018,,,,,,,,,HighESpec\20191007\run018.npy,,,,PreCompNF\20191007\NFCalibration.npy,,,,,,
20191007\run019,,,,,,,,,HighESpec\20191007\run019.npy,,,,PreCompNF\20191007\NFCalibration.npy,,,,,,
20191007\run020,,,,,,,,,HighESpec\20191007\run020.npy,,,,PreCompNF\20191007\NFCalibration.npy,,Probe_Interferometry\20191007\run020.npy,,,,
20191007\run021,,,,,,,,,HighESpec\20191007\run021.npy,,,,PreCompNF\20191007\NFCalibration.npy,,,,,,
20191007\run022,,,,,,,,,HighESpec\20191007\run022.npy,,,,PreCompNF\20191007\NFCalibration.npy,,,,,,
20191007\run023,,,,,,,,,HighESpec\20191007\run023.npy,,,,PreCompNF\20191007\NFCalibration.npy,,,,,,
20191007\run024,,,,,,,,,HighESpec\20191007\run024.npy,,,,PreCompNF\20191007\NFCalibration.npy,,,,,,
20191007\run025,,,,,,,,,HighESpec\20191007\run025.npy,,,,PreCompNF\20191007\NFCalibration.npy,,,,,,
20191007\run026,,,,,,,,,HighESpec\20191007\run026.npy,,,,PreCompNF\20191007\NFCalibration.npy,,,,,,
20191007\run027,,,,,,,,,HighESpec\20191007\run027.npy,,,,PreCompNF\20191007\NFCalibration.npy,,,,,,
20191007\run028,,,,,,,,,HighESpec\20191007\run028.npy,,,,PreCompNF\20191007\NFCalibration.npy,,,,,,
20191007\run029,,,,,,,,,HighESpec\20191007\run029.npy,,,,PreCompNF\20191007\NFCalibration.npy,,,,,,
20191007\run030,,,,,,,,,HighESpec\20191007\run030.npy,,,,PreCompNF\20191007\NFCalibration.npy,,,,,,
20191007\run031,,,,,,,,,HighESpec\20191007\run031.npy,,,,PreCompNF\20191007\NFCalibration.npy,,,,,,
20191007\run032,,,,,,,,,HighESpec\20191007\run032.npy,,,,PreCompNF\20191007\NFCalibration.npy,,,,,,
20191007\run033,,,,,,,,,HighESpec\20191007\run033.npy,,,,PreCompNF\20191007\NFCalibration.npy,,,,,,
20191007\run034,,,,,,,,,HighESpec\20191007\run034.npy,,,,PreCompNF\20191007\NFCalibration.npy,,,,,,
20191007\run035,,,,,,,,,HighESpec\20191007\run035.npy,,,,PreCompNF\20191007\NFCalibration.npy,,,,,,
20191007\run036,,,,,,,,,HighESpec\20191007\run036.npy,,,,PreCompNF\20191007\NFCalibration.npy,,,,,,
20191007\run037,,,,,,,,,HighESpec\20191007\run037.npy,,,,PreCompNF\20191007\NFCalibration.npy,,,,,,
20191007\run038,,,,,,,,,HighESpec\20191007\run038.npy,,,,PreCompNF\20191007\NFCalibration.npy,,,,,,
20191007\run039,,,,,,,,,HighESpec\20191007\run039.npy,,,,PreCompNF\20191007\NFCalibration.npy,,,,,,
20191007\run040,,,,,,,,,HighESpec\20191007\run040.npy,,,,PreCompNF\20191007\NFCalibration.npy,,,,,,
20191007\run041,,,,,,,,,HighESpec\20191007\run041.npy,,,,PreCompNF\20191007\NFCalibration.npy,,,,,,
20191007\run042,,,,,,,,,HighESpec\20191007\run042.npy,,,,PreCompNF\20191007\NFCalibration.npy,,,,,,
20191007\run043,,,,,,,,,HighESpec\20191007\run043.npy,,,,PreCompNF\20191007\NFCalibration.npy,,,,,,
20191007\run044,,,,,,,,,HighESpec\20191007\run044.npy,,,,PreCompNF\20191007\NFCalibration.npy,,,,,,
20191007\run045,,,,,,,,,HighESpec\20191007\run045.npy,,,,PreCompNF\20191007\NFCalibration.npy,,,,,,
20191007\run046,,,,,,,,,HighESpec\20191007\run046.npy,,,,PreCompNF\20191007\NFCalibration.npy,,,,,,
20191007\run047,,,,,,,,,HighESpec\20191007\run047.npy,,,,PreCompNF\20191007\NFCalibration.npy,,,,,,
20191007\run048,,,,,,,,,HighESpec\20191007\run048.npy,,,,PreCompNF\20191007\NFCalibration.npy,,,,,,
20191007\run049,,,,,,,,,HighESpec\20191007\run049.npy,,,,PreCompNF\20191007\NFCalibration.npy,,,,,,
20191007\run050,,,,,,,,,HighESpec\20191007\run050.npy,,,,PreCompNF\20191007\NFCalibration.npy,,,,,,
20191007\run051,,,,,,,,,HighESpec\20191007\run051.npy,,,,PreCompNF\20191007\NFCalibration.npy,,,,,,
20191007\run052,,,,,,,,,HighESpec\20191007\run052.npy,,,,PreCompNF\20191007\NFCalibration.npy,,,,,,
20191007\run053,,,,,,,,,HighESpec\20191007\run053.npy,,,,PreCompNF\20191007\NFCalibration.npy,,Probe_Interferometry\20191007\run053.npy,,,,
20191007\run054,,,,,,,,,HighESpec\20191007\run054.npy,,,,PreCompNF\20191007\NFCalibration.npy,,,,,,
20191007\run055,,,,,,,,,HighESpec\20191007\run055.npy,,,,PreCompNF\20191007\NFCalibration.npy,,,,,,
20191007\run056,,,,,,,,,HighESpec\20191007\run056.npy,,,,PreCompNF\20191007\NFCalibration.npy,,,,,,
20191007\run057,,,,,,,,,HighESpec\20191007\run057.npy,,,,PreCompNF\20191007\NFCalibration.npy,,,,,,
20191007\run058,,,,,,,,,HighESpec\20191007\run058.npy,,,,PreCompNF\20191007\NFCalibration.npy,,,,,,
20191007\run059,,,,,,,,,HighESpec\20191007\run059.npy,,,,PreCompNF\20191007\NFCalibration.npy,,,,,,
20191007\run060,,,,,,,,,HighESpec\20191007\run060.npy,,,,PreCompNF\20191007\NFCalibration.npy,,,,,,
20191007\run061,,,,,,,,,HighESpec\20191007\run061.npy,,,,PreCompNF\20191007\NFCalibration.npy,,,,,,
20191007\test01,,,,,,,,,HighESpec\20191007\test01.npy,,,,PreCompNF\20191007\NFCalibration.npy,,,,,,
20191007\test02,,,,,,,,,HighESpec\20191007\test02.npy,,,,PreCompNF\20191007\NFCalibration.npy,,,,,,
20191007\test03,,,,,,,,,HighESpec\20191007\test03.npy,,,,PreCompNF\20191007\NFCalibration.npy,,,,,,
20191007\test04,,,,,,,,,HighESpec\20191007\test04.npy,,,,PreCompNF\20191007\NFCalibration.npy,,,,,,
20191007\test05,,,,,,,,,HighESpec\20191007\test05.npy,,,,PreCompNF\20191007\NFCalibration.npy,,,,,,
20191008\run002,,,,,,,,,HighESpec\20191008\run002.npy,,,,PreCompNF\20191007\NFCalibration.npy,,,,,,
20191008\run003,,,,,,,,,HighESpec\20191008\run003.npy,,,,PreCompNF\20191007\NFCalibration.npy,,,,,,
20191008\run004,,,,,,,,,HighESpec\20191008\run004.npy,,,,PreCompNF\20191007\NFCalibration.npy,,,,,,
20191008\run005,,,,,,,,,HighESpec\20191008\run005.npy,,,,PreCompNF\20191007\NFCalibration.npy,,,,,,
20191008\run006,,,,,,,,,HighESpec\20191008\run006.npy,,,,PreCompNF\20191007\NFCalibration.npy,,,,,,
20191008\run007,,,,,,,,,HighESpec\20191008\run007.npy,,,,PreCompNF\20191007\NFCalibration.npy,,Probe_Interferometry\20191008\run007.npy,,,,
20191008\run008,,,,,,,,,HighESpec\20191008\run008.npy,,,,PreCompNF\20191007\NFCalibration.npy,,,,,,
20191008\run009,,,,,,,,,HighESpec\20191008\run009.npy,,,,PreCompNF\20191007\NFCalibration.npy,,,,,,
20191008\run01,,,,,,,,,HighESpec\20191008\run01.npy,,,,PreCompNF\20191007\NFCalibration.npy,,,,,,
20191008\test01,,,,,,,,,HighESpec\20191008\test01.npy,,,,PreCompNF\20191007\NFCalibration.npy,,,,,,
20191030\darkfield01,,,,,,HASO\20191030\HASOCalib.npy,,,HighESpec\20191030\darkfield01.npy,,,,PreCompNF\20191030\NFCalibration.npy,,,,,,
20191030\energycal02,,,,,,HASO\20191030\HASOCalib.npy,,,HighESpec\20191030\energycal02.npy,,,,PreCompNF\20191030\NFCalibration.npy,,,,,,
20191030\run001,,,,,,HASO\20191030\HASOCalib.npy,,,HighESpec\20191030\run001.npy,,,,PreCompNF\20191030\NFCalibration.npy,,,,,,
20191030\testrun01,,,,,,HASO\20191030\HASOCalib.npy,,,HighESpec\20191030\testrun01.npy,,,,PreCompNF\20191030\NFCalibration.npy,,Probe_Interferometry\20191030\testrun01.npy,,,,
20191030\energycal01,,,,,,HASO\20191030\HASOCalib.npy,,,,,,,PreCompNF\20191030\NFCalibration.npy,,,,,,
20191031\darkfield01,,,,,,HASO\20191030\HASOCalib.npy,,,HighESpec\20191031\darkfield01.npy,,,,PreCompNF\20191031\NFCalibration.npy,,,,,,
20191031\darkfield02,,,,,,HASO\20191030\HASOCalib.npy,,,HighESpec\20191031\darkfield02.npy,,,,PreCompNF\20191031\NFCalibration.npy,,,,,,
20191031\run001,,,,,,HASO\20191030\HASOCalib.npy,,,HighESpec\20191031\run001.npy,,,,PreCompNF\20191031\NFCalibration.npy,,,,,,
20191031\run002,,,,,,HASO\20191030\HASOCalib.npy,,,HighESpec\20191031\run002.npy,,,,PreCompNF\20191031\NFCalibration.npy,,,,,,
20191031\run003,,,,,,HASO\20191030\HASOCalib.npy,,,HighESpec\20191031\run003.npy,,,,PreCompNF\20191031\NFCalibration.npy,,,,,,
20191031\run004,,,,,,HASO\20191030\HASOCalib.npy,,,HighESpec\20191031\run004.npy,,,,PreCompNF\20191031\NFCalibration.npy,,,,,,
20191031\run005,,,,,,HASO\20191030\HASOCalib.npy,,,HighESpec\20191031\run005.npy,,,,PreCompNF\20191031\NFCalibration.npy,,,,,,
20191031\run006,,,,,,HASO\20191030\HASOCalib.npy,,,HighESpec\20191031\run006.npy,,,,PreCompNF\20191031\NFCalibration.npy,,,,,,
20191031\run007,,,,,,HASO\20191030\HASOCalib.npy,,,HighESpec\20191031\run007.npy,,,,PreCompNF\20191031\NFCalibration.npy,,,,,,
20191031\run008,,,,,,HASO\20191030\HASOCalib.npy,,,HighESpec\20191031\run008.npy,,,,PreCompNF\20191031\NFCalibration.npy,,,,,,
20191031\run009,,,,,,HASO\20191030\HASOCalib.npy,,,HighESpec\20191031\run009.npy,,,,PreCompNF\20191031\NFCalibration.npy,,,,,,
20191031\run010,,,,,,HASO\20191030\HASOCalib.npy,,,HighESpec\20191031\run010.npy,,,,PreCompNF\20191031\NFCalibration.npy,,,,,,
20191031\run011,,,,,,HASO\20191030\HASOCalib.npy,,,HighESpec\20191031\run011.npy,,,,PreCompNF\20191031\NFCalibration.npy,,,,,,
20191031\run012,,,,,,HASO\20191030\HASOCalib.npy,,,HighESpec\20191031\run012.npy,,,,PreCompNF\20191031\NFCalibration.npy,,,,,,
20191031\run013,,,,,,HASO\20191030\HASOCalib.npy,,,HighESpec\20191031\run013.npy,,,,PreCompNF\20191031\NFCalibration.npy,,,,,,
20191031\run014,,,,,,HASO\20191030\HASOCalib.npy,,,HighESpec\20191031\run014.npy,,,,PreCompNF\20191031\NFCalibration.npy,,,,,,
20191031\run015,,,,,,HASO\20191030\HASOCalib.npy,,,HighESpec\20191031\run015.npy,,,,PreCompNF\20191031\NFCalibration.npy,,,,,,
20191031\run016,,,,,,HASO\20191030\HASOCalib.npy,,,HighESpec\20191031\run016.npy,,,,PreCompNF\20191031\NFCalibration.npy,,,,,,
20191031\run017,,,,,,HASO\20191030\HASOCalib.npy,,,HighESpec\20191031\run017.npy,,,,PreCompNF\20191031\NFCalibration.npy,,,,,,
20191031\run018,,,,,,HASO\20191030\HASOCalib.npy,,,HighESpec\20191031\run018.npy,,,,PreCompNF\20191031\NFCalibration.npy,,,,,,
20191031\run019,,,,,,HASO\20191030\HASOCalib.npy,,,HighESpec\20191031\run019.npy,,,,PreCompNF\20191031\NFCalibration.npy,,,,,,
20191031\run020,,,,,,HASO\20191030\HASOCalib.npy,,,HighESpec\20191031\run020.npy,,,,PreCompNF\20191031\NFCalibration.npy,,,,,,
20191031\run021,,,,,,HASO\20191030\HASOCalib.npy,,,HighESpec\20191031\run021.npy,,,,PreCompNF\20191031\NFCalibration.npy,,,,,,
20191031\run022,,,,,,HASO\20191030\HASOCalib.npy,,,HighESpec\20191031\run022.npy,,,,PreCompNF\20191031\NFCalibration.npy,,,,,,
20191031\run023,,,,,,HASO\20191030\HASOCalib.npy,,,HighESpec\20191031\run023.npy,,,,PreCompNF\20191031\NFCalibration.npy,,,,,,
20191031\run024,,,,,,HASO\20191030\HASOCalib.npy,,,HighESpec\20191031\run024.npy,,,,PreCompNF\20191031\NFCalibration.npy,,,,,,
20191031\run025,,,,,,HASO\20191030\HASOCalib.npy,,,HighESpec\20191031\run025.npy,,,,PreCompNF\20191031\NFCalibration.npy,,,,,,
20191031\run026,,,,,,HASO\20191030\HASOCalib.npy,,,HighESpec\20191031\run026.npy,,,,PreCompNF\20191031\NFCalibration.npy,,,,,,
20191031\run027,,,,,,HASO\20191030\HASOCalib.npy,,,HighESpec\20191031\run027.npy,,,,PreCompNF\20191031\NFCalibration.npy,,,,,,
20191031\run028,,,,,,HASO\20191030\HASOCalib.npy,,,HighESpec\20191031\run028.npy,,,,PreCompNF\20191031\NFCalibration.npy,,,,,,
20191031\run029,,,,,,HASO\20191030\HASOCalib.npy,,,HighESpec\20191031\run029.npy,,,,PreCompNF\20191031\NFCalibration.npy,,,,,,
20191031\run030,,,,,,HASO\20191030\HASOCalib.npy,,,HighESpec\20191031\run030.npy,,,,PreCompNF\20191031\NFCalibration.npy,,,,,,
20191031\run031,,,,,,HASO\20191030\HASOCalib.npy,,,HighESpec\20191031\run031.npy,,,,PreCompNF\20191031\NFCalibration.npy,,,,,,
20191031\run032,,,,,,HASO\20191030\HASOCalib.npy,,,HighESpec\20191031\run032.npy,,,,PreCompNF\20191031\NFCalibration.npy,,,,,,
20191031\test01,,,,,,HASO\20191030\HASOCalib.npy,,,HighESpec\20191031\test01.npy,,,,PreCompNF\20191031\NFCalibration.npy,,,,,,
20191031\energycal01,,,,,,HASO\20191030\HASOCalib.npy,,,,,,,PreCompNF\20191031\NFCalibration.npy,,,,,,
20191101\darkfield01,,,,,,HASO\20191030\HASOCalib.npy,,,HighESpec\20191101\darkfield01.npy,,,,PreCompNF\20191101\NFCalibration.npy,,,,,,
20191101\run001,,,,,,HASO\20191030\HASOCalib.npy,,,HighESpec\20191101\run001.npy,,,,PreCompNF\20191101\NFCalibration.npy,,,,,,
20191101\run002,,,,,,HASO\20191030\HASOCalib.npy,,,HighESpec\20191101\run002.npy,,,,PreCompNF\20191101\NFCalibration.npy,,,,,,
20191101\run003,,,,,,HASO\20191030\HASOCalib.npy,,,HighESpec\20191101\run003.npy,,,,PreCompNF\20191101\NFCalibration.npy,,,,,,
20191101\run004,,,,,,HASO\20191030\HASOCalib.npy,,,HighESpec\20191101\run004.npy,,,,PreCompNF\20191101\NFCalibration.npy,,,,,,
20191101\run005,,,,,,HASO\20191030\HASOCalib.npy,,,HighESpec\20191101\run005.npy,,,,PreCompNF\20191101\NFCalibration.npy,,,,,,
20191101\run006,,,,,,HASO\20191030\HASOCalib.npy,,,HighESpec\20191101\run006.npy,,,,PreCompNF\20191101\NFCalibration.npy,,,,,,
20191101\run007,,,,,,HASO\20191030\HASOCalib.npy,,,HighESpec\20191101\run007.npy,,,,PreCompNF\20191101\NFCalibration.npy,,,,,,
20191101\run008,,,,,,HASO\20191030\HASOCalib.npy,,,HighESpec\20191101\run008.npy,,,,PreCompNF\20191101\NFCalibration.npy,,,,,,
20191101\run009,,,,,,HASO\20191030\HASOCalib.npy,,,HighESpec\20191101\run009.npy,,,,PreCompNF\20191101\NFCalibration.npy,,,,,,
20191101\run010,,,,,,HASO\20191030\HASOCalib.npy,,,HighESpec\20191101\run010.npy,,,,PreCompNF\20191101\NFCalibration.npy,,,,,,
20191101\run011,,,,,,HASO\20191030\HASOCalib.npy,,,HighESpec\20191101\run011.npy,,,,PreCompNF\20191101\NFCalibration.npy,,,,,,
20191101\run012,,,,,,HASO\20191030\HASOCalib.npy,,,HighESpec\20191101\run012.npy,,,,PreCompNF\20191101\NFCalibration.npy,,Probe_Interferometry\20191101\run012.npy,,,,
20191101\run013,,,,,,HASO\20191030\HASOCalib.npy,,,HighESpec\20191101\run013.npy,,,,PreCompNF\20191101\NFCalibration.npy,,,,,,
20191101\run014,,,,,,HASO\20191030\HASOCalib.npy,,,HighESpec\20191101\run014.npy,,,,PreCompNF\20191101\NFCalibration.npy,,,,,,
20191101\run015,,,,,,HASO\20191030\HASOCalib.npy,,,HighESpec\20191101\run015.npy,,,,PreCompNF\20191101\NFCalibration.npy,,,,,,
20191101\run016,,,,,,HASO\20191030\HASOCalib.npy,,,HighESpec\20191101\run016.npy,,,,PreCompNF\20191101\NFCalibration.npy,,,,,,
20191101\run017,,,,,,HASO\20191030\HASOCalib.npy,,,HighESpec\20191101\run017.npy,,,,PreCompNF\20191101\NFCalibration.npy,,,,,,
20191101\run018,,,,,,HASO\20191030\HASOCalib.npy,,,HighESpec\20191101\run018.npy,,,,PreCompNF\20191101\NFCalibration.npy,,,,,,
20191101\run019,,,,,,HASO\20191030\HASOCalib.npy,,,HighESpec\20191101\run019.npy,,,,PreCompNF\20191101\NFCalibration.npy,,,,,,
20191101\test01,,,,,,HASO\20191030\HASOCalib.npy,,,HighESpec\20191101\test01.npy,,,,PreCompNF\20191101\NFCalibration.npy,,,,,,
20191101\test02,,,,,,HASO\20191030\HASOCalib.npy,,,HighESpec\20191101\test02.npy,,,,PreCompNF\20191101\NFCalibration.npy,,,,,,
20191106\darkfield01,,,,,,HASO\20191030\HASOCalib.npy,,,HighESpec\20191106\darkfield01.npy,,,,PreCompNF\20191106\NFCalibration.npy,,,,,,
20191106\run001,,,,,,HASO\20191030\HASOCalib.npy,,,HighESpec\20191106\run001.npy,,,,PreCompNF\20191106\NFCalibration.npy,,,,,,
20191106\run002,,,,,,HASO\20191030\HASOCalib.npy,,,HighESpec\20191106\run002.npy,,,,PreCompNF\20191106\NFCalibration.npy,,,,,,
20191106\run003,,,,,,HASO\20191030\HASOCalib.npy,,,HighESpec\20191106\run003.npy,,,,PreCompNF\20191106\NFCalibration.npy,,,,,,
20191106\run004,,,,,,HASO\20191030\HASOCalib.npy,,,HighESpec\20191106\run004.npy,,,,PreCompNF\20191106\NFCalibration.npy,,,,,,
20191106\run005,,,,,,HASO\20191030\HASOCalib.npy,,,HighESpec\20191106\run005.npy,,,,PreCompNF\20191106\NFCalibration.npy,,,,,,
20191106\run006,,,,,,HASO\20191030\HASOCalib.npy,,,HighESpec\20191106\run006.npy,,,,PreCompNF\20191106\NFCalibration.npy,,,,,,
20191106\run007,,,,,,HASO\20191030\HASOCalib.npy,,,HighESpec\20191106\run007.npy,,,,PreCompNF\20191106\NFCalibration.npy,,,,,,
20191106\run008,,,,,,HASO\20191030\HASOCalib.npy,,,HighESpec\20191106\run008.npy,,,,PreCompNF\20191106\NFCalibration.npy,,,,,,
20191106\run009,,,,,,HASO\20191030\HASOCalib.npy,,,HighESpec\20191106\run009.npy,,,,PreCompNF\20191106\NFCalibration.npy,,,,,,
20191106\run010,,,,,,HASO\20191030\HASOCalib.npy,,,HighESpec\20191106\run010.npy,,,,PreCompNF\20191106\NFCalibration.npy,,,,,,
20191106\run011,,,,,,HASO\20191030\HASOCalib.npy,,,HighESpec\20191106\run011.npy,,,,PreCompNF\20191106\NFCalibration.npy,,,,,,
20191106\run012,,,,,,HASO\20191030\HASOCalib.npy,,,HighESpec\20191106\run012.npy,,,,PreCompNF\20191106\NFCalibration.npy,,,,,,
20191106\run013,,,,,,HASO\20191030\HASOCalib.npy,,,HighESpec\20191106\run013.npy,,,,PreCompNF\20191106\NFCalibration.npy,,,,,,
20191106\run014,,,,,,HASO\20191030\HASOCalib.npy,,,HighESpec\20191106\run014.npy,,,,PreCompNF\20191106\NFCalibration.npy,,,,,,
20191106\run015,,,,,,HASO\20191030\HASOCalib.npy,,,HighESpec\20191106\run015.npy,,,,PreCompNF\20191106\NFCalibration.npy,,,,,,
20191106\run016,,,,,,HASO\20191030\HASOCalib.npy,,,HighESpec\20191106\run016.npy,,,,PreCompNF\20191106\NFCalibration.npy,,,,,,
20191106\run017,,,,,,HASO\20191030\HASOCalib.npy,,,HighESpec\20191106\run017.npy,,,,PreCompNF\20191106\NFCalibration.npy,,,,,,
20191106\run018,,,,,,HASO\20191030\HASOCalib.npy,,,HighESpec\20191106\run018.npy,,,,PreCompNF\20191106\NFCalibration.npy,,,,,,
20191106\run019,,,,,,HASO\20191030\HASOCalib.npy,,,HighESpec\20191106\run019.npy,,,,PreCompNF\20191106\NFCalibration.npy,,,,,,
20191106\run020,,,,,,HASO\20191030\HASOCalib.npy,,,HighESpec\20191106\run020.npy,,,,PreCompNF\20191106\NFCalibration.npy,,,,,,
20191106\run021,,,,,,HASO\20191030\HASOCalib.npy,,,HighESpec\20191106\run021.npy,,,,PreCompNF\20191106\NFCalibration.npy,,,,,,
20191106\run022,,,,,,HASO\20191030\HASOCalib.npy,,,HighESpec\20191106\run022.npy,,,,PreCompNF\20191106\NFCalibration.npy,,,,,,
20191106\run023,,,,,,HASO\20191030\HASOCalib.npy,,,HighESpec\20191106\run023.npy,,,,PreCompNF\20191106\NFCalibration.npy,,,,,,
20191106\run024,,,,,,HASO\20191030\HASOCalib.npy,,,HighESpec\20191106\run024.npy,,,,PreCompNF\20191106\NFCalibration.npy,,,,,,
20191106\run025,,,,,,HASO\20191030\HASOCalib.npy,,,HighESpec\20191106\run025.npy,,,,PreCompNF\20191106\NFCalibration.npy,,,,,,
20191106\run026,,,,,,HASO\20191030\HASOCalib.npy,,,HighESpec\20191106\run026.npy,,,,PreCompNF\20191106\NFCalibration.npy,,,,,,
20191106\run027,,,,,,HASO\20191030\HASOCalib.npy,,,HighESpec\20191106\run027.npy,,,,PreCompNF\20191106\NFCalibration.npy,,,,,,
20191106\run028,,,,,,HASO\20191030\HASOCalib.npy,,,HighESpec\20191106\run028.npy,,,,PreCompNF\20191106\NFCalibration.npy,,,,,,
20191106\run029,,,,,,HASO\20191030\HASOCalib.npy,,,HighESpec\20191106\run029.npy,,,,PreCompNF\20191106\NFCalibration.npy,,,,,,
20191106\run030,,,,,,HASO\20191030\HASOCalib.npy,,,HighESpec\20191106\run030.npy,,,,PreCompNF\20191106\NFCalibration.npy,,,,,,
20191106\run031,,,,,,HASO\20191030\HASOCalib.npy,,,HighESpec\20191106\run031.npy,,,,PreCompNF\20191106\NFCalibration.npy,,,,,,
20191106\test01,,,,,,HASO\20191030\HASOCalib.npy,,,HighESpec\20191106\test01.npy,,,,PreCompNF\20191106\NFCalibration.npy,,,,,,
20191108\darkfield01,,,,,,HASO\20191030\HASOCalib.npy,,,HighESpec\20191108\darkfield01.npy,,,,PreCompNF\20191108\NFCalibration.npy,,,,,,XRay\20191108\darkfield01.npy
20191108\run001,,,,,,HASO\20191030\HASOCalib.npy,,,HighESpec\20191108\run001.npy,,,,PreCompNF\20191108\NFCalibration.npy,,,,,,XRay\20191108\run001.npy
20191108\run002,,,,,,HASO\20191030\HASOCalib.npy,,,HighESpec\20191108\run002.npy,,,,PreCompNF\20191108\NFCalibration.npy,,,,,,XRay\20191108\run002.npy
20191108\run003,,,,,,HASO\20191030\HASOCalib.npy,,,HighESpec\20191108\run003.npy,,,,PreCompNF\20191108\NFCalibration.npy,,,,,,XRay\20191108\run003.npy
20191108\run004,,,,,,HASO\20191030\HASOCalib.npy,,,HighESpec\20191108\run004.npy,,,,PreCompNF\20191108\NFCalibration.npy,,,,,,XRay\20191108\run004.npy
20191108\run005,,,,,,HASO\20191030\HASOCalib.npy,,,HighESpec\20191108\run005.npy,,,,PreCompNF\20191108\NFCalibration.npy,,,,,,XRay\20191108\run005.npy
20191108\run006,,,,,,HASO\20191030\HASOCalib.npy,,,HighESpec\20191108\run006.npy,,,,PreCompNF\20191108\NFCalibration.npy,,,,,,XRay\20191108\run006.npy
20191108\run007,,,,,,HASO\20191030\HASOCalib.npy,,,HighESpec\20191108\run007.npy,,,,PreCompNF\20191108\NFCalibration.npy,,,,,,XRay\20191108\run007.npy
20191108\run008,,,,,,HASO\20191030\HASOCalib.npy,,,HighESpec\20191108\run008.npy,,,,PreCompNF\20191108\NFCalibration.npy,,Probe_Interferometry\20191108\run008.npy,,,,XRay\20191108\run008.npy
20191108\run009,,,,,,HASO\20191030\HASOCalib.npy,,,HighESpec\20191108\run009.npy,,,,PreCompNF\20191108\NFCalibration.npy,,,,,,XRay\20191108\run009.npy
20191108\run010,,,,,,HASO\20191030\HASOCalib.npy,,,HighESpec\20191108\run010.npy,,,,PreCompNF\20191108\NFCalibration.npy,,,,,,XRay\20191108\run010.npy
20191108\run011,,,,,,HASO\20191030\HASOCalib.npy,,,HighESpec\20191108\run011.npy,,,,PreCompNF\20191108\NFCalibration.npy,,,,,,XRay\20191108\run011.npy
20191108\run012,,,,,,HASO\20191030\HASOCalib.npy,,,HighESpec\20191108\run012.npy,,,,PreCompNF\20191108\NFCalibration.npy,,,,,,XRay\20191108\run012.npy
20191108\run013,,,,,,HASO\20191030\HASOCalib.npy,,,HighESpec\20191108\run013.npy,,,,PreCompNF\20191108\NFCalibration.npy,,,,,,XRay\20191108\run013.npy
20191108\run014,,,,,,HASO\20191030\HASOCalib.npy,,,HighESpec\20191108\run014.npy,,,,PreCompNF\20191108\NFCalibration.npy,,,,,,XRay\20191108\run014.npy
20191108\run015,,,,,,HASO\20191030\HASOCalib.npy,,,HighESpec\20191108\run015.npy,,,,PreCompNF\20191108\NFCalibration.npy,,Probe_Interferometry\20191108\run015.npy,,,,XRay\20191108\run015.npy
20191108\run016,,,,,,HASO\20191030\HASOCalib.npy,,,HighESpec\20191108\run016.npy,,,,PreCompNF\20191108\NFCalibration.npy,,,,,,XRay\20191108\run016.npy
20191108\run017,,,,,,HASO\20191030\HASOCalib.npy,,,,,,,PreCompNF\20191108\NFCalibration.npy,,Probe_Interferometry\20191108\run017.npy,,,,XRay\20191108\run017.npy
20191108\run018,,,,,,HASO\20191030\HASOCalib.npy,,,,,,,PreCompNF\20191108\NFCalibration.npy,,Probe_Interferometry\20191108\run018.npy,,,,XRay\20191108\run018.npy
20191108\run019,,,,,,HASO\20191030\HASOCalib.npy,,,HighESpec\20191108\run019.npy,,,,PreCompNF\20191108\NFCalibration.npy,,,,,,XRay\20191108\run019.npy
20191108\run020,,,,,,HASO\20191030\HASOCalib.npy,,,HighESpec\20191108\run020.npy,,,,PreCompNF\20191108\NFCalibration.npy,,Probe_Interferometry\20191108\run020.npy,,,,XRay\20191108\run020.npy
20191108\run021,,,,,,HASO\20191030\HASOCalib.npy,,,HighESpec\20191108\run021.npy,,,,PreCompNF\20191108\NFCalibration.npy,,,,,,
20191108\run022,,,,,,HASO\20191030\HASOCalib.npy,,,HighESpec\20191108\run022.npy,,,,PreCompNF\20191108\NFCalibration.npy,,,,,,
20191108\run023,,,,,,HASO\20191030\HASOCalib.npy,,,HighESpec\20191108\run023.npy,,,,PreCompNF\20191108\NFCalibration.npy,,,,,,XRay\20191108\run023.npy
20191108\run024,,,,,,HASO\20191030\HASOCalib.npy,,,HighESpec\20191108\run024.npy,,,,PreCompNF\20191108\NFCalibration.npy,,,,,,XRay\20191108\run024.npy
20191108\run025,,,,,,HASO\20191030\HASOCalib.npy,,,HighESpec\20191108\run025.npy,,,,PreCompNF\20191108\NFCalibration.npy,,,,,,XRay\20191108\run025.npy
20191108\test01,,,,,,HASO\20191030\HASOCalib.npy,,,HighESpec\20191108\test01.npy,,,,PreCompNF\20191108\NFCalibration.npy,,,,,,XRay\20191108\test01.npy
20191108\test02,,,,,,HASO\20191030\HASOCalib.npy,,,HighESpec\20191108\test02.npy,,,,PreCompNF\20191108\NFCalibration.npy,,,,,,XRay\20191108\test02.npy
20191108\test03,,,,,,HASO\20191030\HASOCalib.npy,,,HighESpec\20191108\test03.npy,,,,PreCompNF\20191108\NFCalibration.npy,,,,,,XRay\20191108\test03.npy
20191108\energy01,,,,,,HASO\20191030\HASOCalib.npy,,,,,,,PreCompNF\20191108\NFCalibration.npy,,,,,,
20191109\darkfield02,,,,,,HASO\20191030\HASOCalib.npy,,,HighESpec\20191109\darkfield02.npy,,,,PreCompNF\20191108\NFCalibration.npy,,,,,,XRay\20191109\darkfield02.npy
20191109\run008,,,,,,HASO\20191030\HASOCalib.npy,,,HighESpec\20191109\run008.npy,,,,PreCompNF\20191108\NFCalibration.npy,,,,,,XRay\20191109\run008.npy
20191109\run009,,,,,,HASO\20191030\HASOCalib.npy,,,HighESpec\20191109\run009.npy,,,,PreCompNF\20191108\NFCalibration.npy,,,,,,XRay\20191109\run009.npy
20191109\run010,,,,,,HASO\20191030\HASOCalib.npy,,,HighESpec\20191109\run010.npy,,,,PreCompNF\20191108\NFCalibration.npy,,Probe_Interferometry\20191109\run010.npy,,,,XRay\20191109\run010.npy
20191109\run011,,,,,,HASO\20191030\HASOCalib.npy,,,HighESpec\20191109\run011.npy,,,,PreCompNF\20191108\NFCalibration.npy,,Probe_Interferometry\20191109\run011.npy,,,,XRay\20191109\run011.npy
20191109\run012,,,,,,HASO\20191030\HASOCalib.npy,,,HighESpec\20191109\run012.npy,,,,PreCompNF\20191108\NFCalibration.npy,,,,,,XRay\20191109\run012.npy
20191109\run013,,,,,,HASO\20191030\HASOCalib.npy,,,HighESpec\20191109\run013.npy,,,,PreCompNF\20191108\NFCalibration.npy,,,,,,XRay\20191109\run013.npy
20191109\run014,,,,,,HASO\20191030\HASOCalib.npy,,,HighESpec\20191109\run014.npy,,,,PreCompNF\20191108\NFCalibration.npy,,,,,,XRay\20191109\run014.npy
20191109\run015,,,,,,HASO\20191030\HASOCalib.npy,,,HighESpec\20191109\run015.npy,,,,PreCompNF\20191108\NFCalibration.npy,,,,,,XRay\20191109\run015.npy
20191109\run016,,,,,,HASO\20191030\HASOCalib.npy,,,HighESpec\20191109\run016.npy,,,,PreCompNF\20191108\NFCalibration.npy,,,,,,XRay\20191109\run016.npy
20191109\darkfield01,,,,,,HASO\20191030\HASOCalib.npy,,,HighESpec\20191109\darkfield01.npy,,,,PreCompNF\20191108\NFCalibration.npy,,,,,,XRay\20191109\darkfield01.npy
20191109\run001,,,,,,HASO\20191030\HASOCalib.npy,,,HighESpec\20191109\run001.npy,,,,PreCompNF\20191108\NFCalibration.npy,,,,,,XRay\20191109\run001.npy
20191109\run002,,,,,,HASO\20191030\HASOCalib.npy,,,HighESpec\20191109\run002.npy,,,,PreCompNF\20191108\NFCalibration.npy,,,,,,XRay\20191109\run002.npy
20191109\run003,,,,,,HASO\20191030\HASOCalib.npy,,,HighESpec\20191109\run003.npy,,,,PreCompNF\20191108\NFCalibration.npy,,Probe_Interferometry\20191109\run003.npy,,,,XRay\20191109\run003.npy
20191109\run004,,,,,,HASO\20191030\HASOCalib.npy,,,HighESpec\20191109\run004.npy,,,,PreCompNF\20191108\NFCalibration.npy,,Probe_Interferometry\20191109\run004.npy,,,,XRay\20191109\run004.npy
20191109\run005,,,,,,HASO\20191030\HASOCalib.npy,,,HighESpec\20191109\run005.npy,,,,PreCompNF\20191108\NFCalibration.npy,,Probe_Interferometry\20191109\run005.npy,,,,XRay\20191109\run005.npy
20191109\run006,,,,,,HASO\20191030\HASOCalib.npy,,,HighESpec\20191109\run006.npy,,,,PreCompNF\20191108\NFCalibration.npy,,Probe_Interferometry\20191109\run006.npy,,,,XRay\20191109\run006.npy
20191109\run007,,,,,,HASO\20191030\HASOCalib.npy,,,HighESpec\20191109\run007.npy,,,,PreCompNF\20191108\NFCalibration.npy,,,,,,XRay\20191109\run007.npy
20191109\test01,,,,,,HASO\20191030\HASOCalib.npy,,,HighESpec\20191109\test01.npy,,,,PreCompNF\20191108\NFCalibration.npy,,,,,,XRay\20191109\test01.npy
20191104\darkfield01,,,,,,HASO\20191030\HASOCalib.npy,,,HighESpec\20191104\darkfield01.npy,,,,PreCompNF\20191105\NFCalibration.npy,,,,,,
20191104\run001,,,,,,HASO\20191030\HASOCalib.npy,,,HighESpec\20191104\run001.npy,,,,PreCompNF\20191105\NFCalibration.npy,,,,,,
20191104\run002,,,,,,HASO\20191030\HASOCalib.npy,,,HighESpec\20191104\run002.npy,,,,PreCompNF\20191105\NFCalibration.npy,,,,,,
20191104\run003,,,,,,HASO\20191030\HASOCalib.npy,,,HighESpec\20191104\run003.npy,,,,PreCompNF\20191105\NFCalibration.npy,,,,,,
20191104\run004,,,,,,HASO\20191030\HASOCalib.npy,,,HighESpec\20191104\run004.npy,,,,PreCompNF\20191105\NFCalibration.npy,,,,,,
20191104\run005,,,,,,HASO\20191030\HASOCalib.npy,,,HighESpec\20191104\run005.npy,,,,PreCompNF\20191105\NFCalibration.npy,,,,,,
20191104\run006,,,,,,HASO\20191030\HASOCalib.npy,,,HighESpec\20191104\run006.npy,,,,PreCompNF\20191105\NFCalibration.npy,,,,,,
20191104\run007,,,,,,HASO\20191030\HASOCalib.npy,,,HighESpec\20191104\run007.npy,,,,PreCompNF\20191105\NFCalibration.npy,,,,,,
20191104\run008,,,,,,HASO\20191030\HASOCalib.npy,,,HighESpec\20191104\run008.npy,,,,PreCompNF\20191105\NFCalibration.npy,,,,,,
20191104\run009,,,,,,HASO\20191030\HASOCalib.npy,,,HighESpec\20191104\run009.npy,,,,PreCompNF\20191105\NFCalibration.npy,,,,,,
20191104\run010,,,,,,HASO\20191030\HASOCalib.npy,,,HighESpec\20191104\run010.npy,,,,PreCompNF\20191105\NFCalibration.npy,,,,,,
20191104\run011,,,,,,HASO\20191030\HASOCalib.npy,,,HighESpec\20191104\run011.npy,,,,PreCompNF\20191105\NFCalibration.npy,,,,,,
20191104\run012,,,,,,HASO\20191030\HASOCalib.npy,,,HighESpec\20191104\run012.npy,,,,PreCompNF\20191105\NFCalibration.npy,,,,,,
20191104\run013,,,,,,HASO\20191030\HASOCalib.npy,,,HighESpec\20191104\run013.npy,,,,PreCompNF\20191105\NFCalibration.npy,,,,,,
20191104\run014,,,,,,HASO\20191030\HASOCalib.npy,,,HighESpec\20191104\run014.npy,,,,PreCompNF\20191105\NFCalibration.npy,,,,,,
20191104\run015,,,,,,HASO\20191030\HASOCalib.npy,,,HighESpec\20191104\run015.npy,,,,PreCompNF\20191105\NFCalibration.npy,,,,,,
20191104\run016,,,,,,HASO\20191030\HASOCalib.npy,,,HighESpec\20191104\run016.npy,,,,PreCompNF\20191105\NFCalibration.npy,,,,,,
20191104\run017,,,,,,HASO\20191030\HASOCalib.npy,,,HighESpec\20191104\run017.npy,,,,PreCompNF\20191105\NFCalibration.npy,,,,,,
20191104\run018,,,,,,HASO\20191030\HASOCalib.npy,,,HighESpec\20191104\run018.npy,,,,PreCompNF\20191105\NFCalibration.npy,,,,,,
20191104\run019,,,,,,HASO\20191030\HASOCalib.npy,,,HighESpec\20191104\run019.npy,,,,PreCompNF\20191105\NFCalibration.npy,,,,,,
20191104\run020,,,,,,HASO\20191030\HASOCalib.npy,,,HighESpec\20191104\run020.npy,,,,PreCompNF\20191105\NFCalibration.npy,,,,,,
20191104\run021,,,,,,HASO\20191030\HASOCalib.npy,,,HighESpec\20191104\run021.npy,,,,PreCompNF\20191105\NFCalibration.npy,,,,,,
20191104\run022,,,,,,HASO\20191030\HASOCalib.npy,,,HighESpec\20191104\run022.npy,,,,PreCompNF\20191105\NFCalibration.npy,,,,,,
20191104\run023,,,,,,HASO\20191030\HASOCalib.npy,,,HighESpec\20191104\run023.npy,,,,PreCompNF\20191105\NFCalibration.npy,,,,,,
20191104\run024,,,,,,HASO\20191030\HASOCalib.npy,,,HighESpec\20191104\run024.npy,,,,PreCompNF\20191105\NFCalibration.npy,,,,,,
20191104\run026,,,,,,HASO\20191030\HASOCalib.npy,,,HighESpec\20191104\run026.npy,,,,PreCompNF\20191105\NFCalibration.npy,,,,,,
20191104\run027,,,,,,HASO\20191030\HASOCalib.npy,,,HighESpec\20191104\run027.npy,,,,PreCompNF\20191105\NFCalibration.npy,,,,,,
20191104\run028,,,,,,HASO\20191030\HASOCalib.npy,,,HighESpec\20191104\run028.npy,,,,PreCompNF\20191105\NFCalibration.npy,,,,,,
20191104\run029,,,,,,HASO\20191030\HASOCalib.npy,,,HighESpec\20191104\run029.npy,,,,PreCompNF\20191105\NFCalibration.npy,,,,,,
20191104\run030,,,,,,HASO\20191030\HASOCalib.npy,,,HighESpec\20191104\run030.npy,,,,PreCompNF\20191105\NFCalibration.npy,,,,,,
20191104\run031,,,,,,HASO\20191030\HASOCalib.npy,,,HighESpec\20191104\run031.npy,,,,PreCompNF\20191105\NFCalibration.npy,,,,,,
20191104\run032,,,,,,HASO\20191030\HASOCalib.npy,,,HighESpec\20191104\run032.npy,,,,PreCompNF\20191105\NFCalibration.npy,,,,,,
20191104\run033,,,,,,HASO\20191030\HASOCalib.npy,,,HighESpec\20191104\run033.npy,,,,PreCompNF\20191105\NFCalibration.npy,,,,,,
20191104\run034,,,,,,HASO\20191030\HASOCalib.npy,,,HighESpec\20191104\run034.npy,,,,PreCompNF\20191105\NFCalibration.npy,,,,,,
20191104\run035,,,,,,HASO\20191030\HASOCalib.npy,,,HighESpec\20191104\run035.npy,,,,PreCompNF\20191105\NFCalibration.npy,,,,,,
20191104\run036,,,,,,HASO\20191030\HASOCalib.npy,,,HighESpec\20191104\run036.npy,,,,PreCompNF\20191105\NFCalibration.npy,,,,,,
20191104\run037,,,,,,HASO\20191030\HASOCalib.npy,,,HighESpec\20191104\run037.npy,,,,PreCompNF\20191105\NFCalibration.npy,,,,,,
20191104\run038,,,,,,HASO\20191030\HASOCalib.npy,,,HighESpec\20191104\run038.npy,,,,PreCompNF\20191105\NFCalibration.npy,,,,,,
20191104\run039,,,,,,HASO\20191030\HASOCalib.npy,,,HighESpec\20191104\run039.npy,,,,PreCompNF\20191105\NFCalibration.npy,,,,,,
20191104\test01,,,,,,HASO\20191030\HASOCalib.npy,,,HighESpec\20191104\test01.npy,,,,PreCompNF\20191105\NFCalibration.npy,,,,,,
20191104\test02,,,,,,HASO\20191030\HASOCalib.npy,,,HighESpec\20191104\test02.npy,,,,PreCompNF\20191105\NFCalibration.npy,,,,,,
20191104\run025,,,,,,HASO\20191030\HASOCalib.npy,,,,,,,PreCompNF\20191105\NFCalibration.npy,,Probe_Interferometry\20191104\run025.npy,,,,
20191105\darkfield01,,,,,,HASO\20191030\HASOCalib.npy,,,HighESpec\20191105\darkfield01.npy,,,,PreCompNF\20191105\NFCalibration.npy,,,,,,
20191105\run001,,,,,,HASO\20191030\HASOCalib.npy,,,HighESpec\20191105\run001.npy,,,,PreCompNF\20191105\NFCalibration.npy,,Probe_Interferometry\20191105\run001.npy,,,,
20191105\run002,,,,,,HASO\20191030\HASOCalib.npy,,,HighESpec\20191105\run002.npy,,,,PreCompNF\20191105\NFCalibration.npy,,,,,,
20191105\run003,,,,,,HASO\20191030\HASOCalib.npy,,,HighESpec\20191105\run003.npy,,,,PreCompNF\20191105\NFCalibration.npy,,Probe_Interferometry\20191105\run003.npy,,,,
20191105\run004,,,,,,HASO\20191030\HASOCalib.npy,,,HighESpec\20191105\run004.npy,,,,PreCompNF\20191105\NFCalibration.npy,,,,,,
20191105\run005,,,,,,HASO\20191030\HASOCalib.npy,,,HighESpec\20191105\run005.npy,,,,PreCompNF\20191105\NFCalibration.npy,,,,,,
20191105\run006,,,,,,HASO\20191030\HASOCalib.npy,,,HighESpec\20191105\run006.npy,,,,PreCompNF\20191105\NFCalibration.npy,,,,,,
20191105\run007,,,,,,HASO\20191030\HASOCalib.npy,,,HighESpec\20191105\run007.npy,,,,PreCompNF\20191105\NFCalibration.npy,,Probe_Interferometry\20191105\run007.npy,,,,
20191105\run008,,,,,,HASO\20191030\HASOCalib.npy,,,HighESpec\20191105\run008.npy,,,,PreCompNF\20191105\NFCalibration.npy,,,,,,
20191105\run009,,,,,,HASO\20191030\HASOCalib.npy,,,HighESpec\20191105\run009.npy,,,,PreCompNF\20191105\NFCalibration.npy,,,,,,
20191105\run010,,,,,,HASO\20191030\HASOCalib.npy,,,HighESpec\20191105\run010.npy,,,,PreCompNF\20191105\NFCalibration.npy,,,,,,
20191105\run011,,,,,,HASO\20191030\HASOCalib.npy,,,HighESpec\20191105\run011.npy,,,,PreCompNF\20191105\NFCalibration.npy,,,,,,
20191105\run012,,,,,,HASO\20191030\HASOCalib.npy,,,HighESpec\20191105\run012.npy,,,,PreCompNF\20191105\NFCalibration.npy,,,,,,
20191105\run013,,,,,,HASO\20191030\HASOCalib.npy,,,HighESpec\20191105\run013.npy,,,,PreCompNF\20191105\NFCalibration.npy,,,,,,
20191105\run014,,,,,,HASO\20191030\HASOCalib.npy,,,HighESpec\20191105\run014.npy,,,,PreCompNF\20191105\NFCalibration.npy,,,,,,
20191105\run015,,,,,,HASO\20191030\HASOCalib.npy,,,HighESpec\20191105\run015.npy,,,,PreCompNF\20191105\NFCalibration.npy,,,,,,
20191105\run016,,,,,,HASO\20191030\HASOCalib.npy,,,HighESpec\20191105\run016.npy,,,,PreCompNF\20191105\NFCalibration.npy,,,,,,
20191105\run017,,,,,,HASO\20191030\HASOCalib.npy,,,HighESpec\20191105\run017.npy,,,,PreCompNF\20191105\NFCalibration.npy,,,,,,
20191105\run018,,,,,,HASO\20191030\HASOCalib.npy,,,HighESpec\20191105\run018.npy,,,,PreCompNF\20191105\NFCalibration.npy,,,,,,
20191105\run019,,,,,,HASO\20191030\HASOCalib.npy,,,HighESpec\20191105\run019.npy,,,,PreCompNF\20191105\NFCalibration.npy,,,,,,
20191105\run020,,,,,,HASO\20191030\HASOCalib.npy,,,HighESpec\20191105\run020.npy,,,,PreCompNF\20191105\NFCalibration.npy,,,,,,
20191105\run021,,,,,,HASO\20191030\HASOCalib.npy,,,HighESpec\20191105\run021.npy,,,,PreCompNF\20191105\NFCalibration.npy,,,,,,
20191105\run022,,,,,,HASO\20191030\HASOCalib.npy,,,HighESpec\20191105\run022.npy,,,,PreCompNF\20191105\NFCalibration.npy,,,,,,
20191105\run023,,,,,,HASO\20191030\HASOCalib.npy,,,HighESpec\20191105\run023.npy,,,,PreCompNF\20191105\NFCalibration.npy,,,,,,
20191105\run024,,,,,,HASO\20191030\HASOCalib.npy,,,HighESpec\20191105\run024.npy,,,,PreCompNF\20191105\NFCalibration.npy,,,,,,
20191105\run025,,,,,,HASO\20191030\HASOCalib.npy,,,HighESpec\20191105\run025.npy,,,,PreCompNF\20191105\NFCalibration.npy,,,,,,
20191105\run026,,,,,,HASO\20191030\HASOCalib.npy,,,HighESpec\20191105\run026.npy,,,,PreCompNF\20191105\NFCalibration.npy,,,,,,
20191105\run027,,,,,,HASO\20191030\HASOCalib.npy,,,HighESpec\20191105\run027.npy,,,,PreCompNF\20191105\NFCalibration.npy,,,,,,
20191105\run028,,,,,,HASO\20191030\HASOCalib.npy,,,HighESpec\20191105\run028.npy,,,,PreCompNF\20191105\NFCalibration.npy,,,,,,
20191105\run029,,,,,,HASO\20191030\HASOCalib.npy,,,HighESpec\20191105\run029.npy,,,,PreCompNF\20191105\NFCalibration.npy,,,,,,
20191105\run030,,,,,,HASO\20191030\HASOCalib.npy,,,HighESpec\20191105\run030.npy,,,,PreCompNF\20191105\NFCalibration.npy,,,,,,
20191105\run031,,,,,,HASO\20191030\HASOCalib.npy,,,HighESpec\20191105\run031.npy,,,,PreCompNF\20191105\NFCalibration.npy,,,,,,
20191105\test01,,,,,,HASO\20191030\HASOCalib.npy,,,HighESpec\20191105\test01.npy,,,,PreCompNF\20191105\NFCalibration.npy,,,,,,
20191105\test02,,,,,,HASO\20191030\HASOCalib.npy,,,HighESpec\20191105\test02.npy,,,,PreCompNF\20191105\NFCalibration.npy,,,,,,
20191105\energy01,,,,,,HASO\20191030\HASOCalib.npy,,,,,,,PreCompNF\20191105\NFCalibration.npy,,,,,,
20191107\darkfield01,,,,,,HASO\20191030\HASOCalib.npy,,,HighESpec\20191107\darkfield01.npy,,,,PreCompNF\20191107\NFCalibration.npy,,,,,,
20191107\run001,,,,,,HASO\20191030\HASOCalib.npy,,,HighESpec\20191107\run001.npy,,,,PreCompNF\20191107\NFCalibration.npy,,,,,,
20191107\run002,,,,,,HASO\20191030\HASOCalib.npy,,,HighESpec\20191107\run002.npy,,,,PreCompNF\20191107\NFCalibration.npy,,,,,,
20191107\run003,,,,,,HASO\20191030\HASOCalib.npy,,,HighESpec\20191107\run003.npy,,,,PreCompNF\20191107\NFCalibration.npy,,Probe_Interferometry\20191107\run003.npy,,,,
20191107\run004,,,,,,HASO\20191030\HASOCalib.npy,,,HighESpec\20191107\run004.npy,,,,PreCompNF\20191107\NFCalibration.npy,,,,,,
20191107\run005,,,,,,HASO\20191030\HASOCalib.npy,,,HighESpec\20191107\run005.npy,,,,PreCompNF\20191107\NFCalibration.npy,,,,,,
20191107\run006,,,,,,HASO\20191030\HASOCalib.npy,,,HighESpec\20191107\run006.npy,,,,PreCompNF\20191107\NFCalibration.npy,,,,,,
20191107\run007,,,,,,HASO\20191030\HASOCalib.npy,,,HighESpec\20191107\run007.npy,,,,PreCompNF\20191107\NFCalibration.npy,,,,,,
20191107\run008,,,,,,HASO\20191030\HASOCalib.npy,,,HighESpec\20191107\run008.npy,,,,PreCompNF\20191107\NFCalibration.npy,,,,,,
20191107\run016,,,,,,HASO\20191030\HASOCalib.npy,,,HighESpec\20191107\run016.npy,,,,PreCompNF\20191107\NFCalibration.npy,,,,,,
20191107\run017,,,,,,HASO\20191030\HASOCalib.npy,,,HighESpec\20191107\run017.npy,,,,PreCompNF\20191107\NFCalibration.npy,,,,,,
20191107\run018,,,,,,HASO\20191030\HASOCalib.npy,,,HighESpec\20191107\run018.npy,,,,PreCompNF\20191107\NFCalibration.npy,,,,,,
20191107\run019,,,,,,HASO\20191030\HASOCalib.npy,,,HighESpec\20191107\run019.npy,,,,PreCompNF\20191107\NFCalibration.npy,,,,,,
20191107\run020,,,,,,HASO\20191030\HASOCalib.npy,,,HighESpec\20191107\run020.npy,,,,PreCompNF\20191107\NFCalibration.npy,,,,,,
20191107\run021,,,,,,HASO\20191030\HASOCalib.npy,,,HighESpec\20191107\run021.npy,,,,PreCompNF\20191107\NFCalibration.npy,,,,,,
20191107\run022,,,,,,HASO\20191030\HASOCalib.npy,,,HighESpec\20191107\run022.npy,,,,PreCompNF\20191107\NFCalibration.npy,,,,,,
20191107\run023,,,,,,HASO\20191030\HASOCalib.npy,,,HighESpec\20191107\run023.npy,,,,PreCompNF\20191107\NFCalibration.npy,,,,,,
20191107\run024,,,,,,HASO\20191030\HASOCalib.npy,,,HighESpec\20191107\run024.npy,,,,PreCompNF\20191107\NFCalibration.npy,,,,,,
20191107\run025,,,,,,HASO\20191030\HASOCalib.npy,,,HighESpec\20191107\run025.npy,,,,PreCompNF\20191107\NFCalibration.npy,,,,,,
20191107\run026,,,,,,HASO\20191030\HASOCalib.npy,,,HighESpec\20191107\run026.npy,,,,PreCompNF\20191107\NFCalibration.npy,,,,,,
20191107\run027,,,,,,HASO\20191030\HASOCalib.npy,,,HighESpec\20191107\run027.npy,,,,PreCompNF\20191107\NFCalibration.npy,,,,,,
20191107\run028,,,,,,HASO\20191030\HASOCalib.npy,,,HighESpec\20191107\run028.npy,,,,PreCompNF\20191107\NFCalibration.npy,,,,,,
20191107\run029,,,,,,HASO\20191030\HASOCalib.npy,,,HighESpec\20191107\run029.npy,,,,PreCompNF\20191107\NFCalibration.npy,,,,,,
20191107\run101,,,,,,HASO\20191030\HASOCalib.npy,,,HighESpec\20191107\run101.npy,,,,PreCompNF\20191107\NFCalibration.npy,,Probe_Interferometry\20191107\run101.npy,,,,
20191107\test01,,,,,,HASO\20191030\HASOCalib.npy,,,HighESpec\20191107\test01.npy,,,,PreCompNF\20191107\NFCalibration.npy,,,,,,
20191107\test02,,,,,,HASO\20191030\HASOCalib.npy,,,HighESpec\20191107\test02.npy,,,,PreCompNF\20191107\NFCalibration.npy,,,,,,
